model,task,seed,step,eval_score
BL,cartpole swingup,42,1000,28.7
BL,cartpole swingup,42,2000,61.3
BL,cartpole swingup,42,3000,136.9
BL,cartpole swingup,42,4000,156.9
BL,cartpole swingup,42,5000,136.0
BL,cartpole swingup,42,6000,122.7
BL,cartpole swingup,42,7000,105.5
BL,cartpole swingup,42,8000,140.5
BL,cartpole swingup,42,9000,99.8
BL,cartpole swingup,42,10000,82.1
BL,cartpole swingup,42,11000,77.0
BL,cartpole swingup,42,12000,75.9
BL,cartpole swingup,42,13000,75.1
BL,cartpole swingup,42,14000,96.7
BL,cartpole swingup,42,15000,77.1
BL,cartpole swingup,42,16000,77.6
BL,cartpole swingup,42,17000,134.0
BL,cartpole swingup,42,18000,159.9
BL,cartpole swingup,42,19000,153.3
BL,cartpole swingup,42,20000,216.8
BL,cartpole swingup,42,21000,168.5
BL,cartpole swingup,42,22000,158.4
BL,cartpole swingup,42,23000,164.6
BL,cartpole swingup,42,24000,236.9
BL,cartpole swingup,42,25000,214.8
BL,cartpole swingup,42,26000,193.1
BL,cartpole swingup,42,27000,164.8
BL,cartpole swingup,42,28000,214.6
BL,cartpole swingup,42,29000,241.6
BL,cartpole swingup,42,30000,241.4
BL,cartpole swingup,42,31000,241.0
BL,cartpole swingup,42,32000,248.9
BL,cartpole swingup,42,33000,292.2
BL,cartpole swingup,42,34000,304.3
BL,cartpole swingup,42,35000,287.3
BL,cartpole swingup,42,36000,260.2
BL,cartpole swingup,42,37000,243.6
BL,cartpole swingup,42,38000,253.5
BL,cartpole swingup,42,39000,267.8
BL,cartpole swingup,42,40000,245.8
BL,cartpole swingup,42,41000,299.9
BL,cartpole swingup,42,42000,258.9
BL,cartpole swingup,42,43000,307.8
BL,cartpole swingup,42,44000,358.5
BL,cartpole swingup,42,45000,384.4
BL,cartpole swingup,42,46000,330.8
BL,cartpole swingup,42,47000,330.0
BL,cartpole swingup,42,48000,340.0
BL,cartpole swingup,42,49000,375.0
TT,cartpole swingup,42,1000,30.3
TT,cartpole swingup,42,2000,82.6
TT,cartpole swingup,42,3000,169.5
TT,cartpole swingup,42,4000,103.6
TT,cartpole swingup,42,5000,167.0
TT,cartpole swingup,42,6000,177.3
TT,cartpole swingup,42,7000,200.6
TT,cartpole swingup,42,8000,172.0
TT,cartpole swingup,42,9000,123.8
TT,cartpole swingup,42,10000,177.3
TT,cartpole swingup,42,11000,182.9
TT,cartpole swingup,42,12000,191.3
TT,cartpole swingup,42,13000,224.1
TT,cartpole swingup,42,14000,188.3
TT,cartpole swingup,42,15000,207.1
TT,cartpole swingup,42,16000,239.3
TT,cartpole swingup,42,17000,177.2
TT,cartpole swingup,42,18000,225.2
TT,cartpole swingup,42,19000,240.0
TT,cartpole swingup,42,20000,186.8
TT,cartpole swingup,42,21000,200.5
TT,cartpole swingup,42,22000,204.7
TT,cartpole swingup,42,23000,224.0
TT,cartpole swingup,42,24000,210.8
TT,cartpole swingup,42,25000,236.7
TT,cartpole swingup,42,26000,224.2
TT,cartpole swingup,42,27000,239.9
TT,cartpole swingup,42,28000,235.7
TT,cartpole swingup,42,29000,244.2
TT,cartpole swingup,42,30000,332.1
TT,cartpole swingup,42,31000,340.4
TT,cartpole swingup,42,32000,362.8
TT,cartpole swingup,42,33000,480.9
TT,cartpole swingup,42,34000,352.0
TT,cartpole swingup,42,35000,350.2
TT,cartpole swingup,42,36000,367.8
TT,cartpole swingup,42,37000,439.1
TT,cartpole swingup,42,38000,455.2
TT,cartpole swingup,42,39000,456.5
TT,cartpole swingup,42,40000,446.5
TT,cartpole swingup,42,41000,405.5
TT,cartpole swingup,42,42000,416.3
TT,cartpole swingup,42,43000,445.9
TT,cartpole swingup,42,44000,432.2
TT,cartpole swingup,42,45000,437.3
TT,cartpole swingup,42,46000,458.4
TT,cartpole swingup,42,47000,470.9
TT,cartpole swingup,42,48000,476.4
TT,cartpole swingup,42,49000,465.6
BL,cartpole swingup,123,1000,80.1
BL,cartpole swingup,123,2000,16.3
BL,cartpole swingup,123,3000,95.7
BL,cartpole swingup,123,4000,48.8
BL,cartpole swingup,123,5000,172.4
BL,cartpole swingup,123,6000,180.6
BL,cartpole swingup,123,7000,155.4
BL,cartpole swingup,123,8000,176.6
BL,cartpole swingup,123,9000,229.9
BL,cartpole swingup,123,10000,205.1
BL,cartpole swingup,123,11000,195.1
BL,cartpole swingup,123,12000,193.9
BL,cartpole swingup,123,13000,182.7
BL,cartpole swingup,123,14000,232.3
BL,cartpole swingup,123,15000,214.6
BL,cartpole swingup,123,16000,226.4
BL,cartpole swingup,123,17000,224.3
BL,cartpole swingup,123,18000,254.5
BL,cartpole swingup,123,19000,228.0
BL,cartpole swingup,123,20000,272.6
BL,cartpole swingup,123,21000,334.0
BL,cartpole swingup,123,22000,251.6
BL,cartpole swingup,123,23000,257.8
BL,cartpole swingup,123,24000,297.8
BL,cartpole swingup,123,25000,260.8
BL,cartpole swingup,123,26000,262.6
BL,cartpole swingup,123,27000,371.4
BL,cartpole swingup,123,28000,330.0
BL,cartpole swingup,123,29000,264.4
BL,cartpole swingup,123,30000,323.3
BL,cartpole swingup,123,31000,406.8
BL,cartpole swingup,123,32000,430.0
BL,cartpole swingup,123,33000,326.0
BL,cartpole swingup,123,34000,436.8
BL,cartpole swingup,123,35000,381.9
BL,cartpole swingup,123,36000,391.6
BL,cartpole swingup,123,37000,534.7
BL,cartpole swingup,123,38000,536.3
BL,cartpole swingup,123,39000,538.1
BL,cartpole swingup,123,40000,396.7
BL,cartpole swingup,123,41000,454.9
BL,cartpole swingup,123,42000,463.2
BL,cartpole swingup,123,43000,465.9
BL,cartpole swingup,123,44000,470.3
BL,cartpole swingup,123,45000,671.1
BL,cartpole swingup,123,46000,570.3
BL,cartpole swingup,123,47000,478.0
BL,cartpole swingup,123,48000,465.1
BL,cartpole swingup,123,49000,408.7
BL,cartpole swingup,123,50000,570.0
BL,cartpole swingup,123,51000,527.7
BL,cartpole swingup,123,52000,542.9
BL,cartpole swingup,123,53000,542.7
BL,cartpole swingup,123,54000,483.0
BL,cartpole swingup,123,55000,479.4
BL,cartpole swingup,123,56000,460.6
BL,cartpole swingup,123,57000,455.8
BL,cartpole swingup,123,58000,539.3
BL,cartpole swingup,123,59000,459.4
BL,cartpole swingup,123,60000,465.2
BL,cartpole swingup,123,61000,528.7
BL,cartpole swingup,123,62000,548.4
BL,cartpole swingup,123,63000,534.3
BL,cartpole swingup,123,64000,729.1
BL,cartpole swingup,123,65000,563.8
BL,cartpole swingup,123,66000,600.6
BL,cartpole swingup,123,67000,535.5
BL,cartpole swingup,123,68000,607.5
BL,cartpole swingup,123,69000,675.7
BL,cartpole swingup,123,70000,762.2
BL,cartpole swingup,123,71000,698.0
BL,cartpole swingup,123,72000,698.8
BL,cartpole swingup,123,73000,743.3
BL,cartpole swingup,123,74000,726.5
BL,cartpole swingup,123,75000,747.2
BL,cartpole swingup,123,76000,659.1
BL,cartpole swingup,123,77000,805.8
BL,cartpole swingup,123,78000,747.6
BL,cartpole swingup,123,79000,730.2
BL,cartpole swingup,123,80000,690.6
BL,cartpole swingup,123,81000,829.9
BL,cartpole swingup,123,82000,838.2
BL,cartpole swingup,123,83000,840.5
BL,cartpole swingup,123,84000,836.8
BL,cartpole swingup,123,85000,837.6
BL,cartpole swingup,123,86000,843.1
BL,cartpole swingup,123,87000,835.3
BL,cartpole swingup,123,88000,826.7
BL,cartpole swingup,123,89000,840.8
BL,cartpole swingup,123,90000,834.4
BL,cartpole swingup,123,91000,832.7
BL,cartpole swingup,123,92000,845.5
BL,cartpole swingup,123,93000,843.0
BL,cartpole swingup,123,94000,842.8
BL,cartpole swingup,123,95000,832.5
BL,cartpole swingup,123,96000,840.8
BL,cartpole swingup,123,97000,832.2
BL,cartpole swingup,123,98000,826.8
BL,cartpole swingup,123,99000,748.9
TT,cartpole swingup,123,4000,22.1
TT,cartpole swingup,123,4001,48.6
TT,cartpole swingup,123,4002,18.3
TT,cartpole swingup,123,4003,16.6
TT,cartpole swingup,123,8000,161.0
TT,cartpole swingup,123,8001,177.1
TT,cartpole swingup,123,8002,105.9
TT,cartpole swingup,123,8003,173.1
TT,cartpole swingup,123,12000,223.2
TT,cartpole swingup,123,12001,191.6
TT,cartpole swingup,123,12002,262.7
TT,cartpole swingup,123,12003,239.8
TT,cartpole swingup,123,16000,167.0
TT,cartpole swingup,123,16001,243.2
TT,cartpole swingup,123,16002,180.7
TT,cartpole swingup,123,16003,177.7
TT,cartpole swingup,123,20000,197.8
TT,cartpole swingup,123,20001,196.6
TT,cartpole swingup,123,20002,193.1
TT,cartpole swingup,123,20003,190.8
TT,cartpole swingup,123,24000,285.2
TT,cartpole swingup,123,24001,309.6
TT,cartpole swingup,123,24002,254.5
TT,cartpole swingup,123,24003,253.3
TT,cartpole swingup,123,28000,267.2
TT,cartpole swingup,123,28001,292.4
TT,cartpole swingup,123,28002,301.2
TT,cartpole swingup,123,28003,265.4
TT,cartpole swingup,123,32000,347.6
TT,cartpole swingup,123,32001,327.1
TT,cartpole swingup,123,32002,325.4
TT,cartpole swingup,123,32003,331.7
TT,cartpole swingup,123,36000,398.0
TT,cartpole swingup,123,36001,395.5
TT,cartpole swingup,123,36002,477.4
TT,cartpole swingup,123,36003,513.6
TT,cartpole swingup,123,40000,443.6
TT,cartpole swingup,123,40001,555.3
TT,cartpole swingup,123,40002,551.3
TT,cartpole swingup,123,40003,523.1
TT,cartpole swingup,123,44000,492.0
TT,cartpole swingup,123,44001,485.2
TT,cartpole swingup,123,44002,444.2
TT,cartpole swingup,123,44003,444.9
TT,cartpole swingup,123,48000,482.3
TT,cartpole swingup,123,48001,484.9
TT,cartpole swingup,123,48002,498.6
TT,cartpole swingup,123,48003,406.6
TT,cartpole swingup,123,52000,464.4
TT,cartpole swingup,123,52001,489.5
TT,cartpole swingup,123,52002,524.9
TT,cartpole swingup,123,52003,550.7
TT,cartpole swingup,123,56000,537.9
TT,cartpole swingup,123,56001,611.0
TT,cartpole swingup,123,56002,679.4
TT,cartpole swingup,123,56003,662.8
TT,cartpole swingup,123,60000,551.3
TT,cartpole swingup,123,60001,593.0
TT,cartpole swingup,123,60002,567.3
TT,cartpole swingup,123,60003,598.7
TT,cartpole swingup,123,64000,651.1
TT,cartpole swingup,123,64001,684.0
TT,cartpole swingup,123,64002,692.8
TT,cartpole swingup,123,64003,519.0
TT,cartpole swingup,123,68000,739.6
TT,cartpole swingup,123,68001,741.4
TT,cartpole swingup,123,68002,736.5
TT,cartpole swingup,123,68003,719.6
TT,cartpole swingup,123,72000,737.3
TT,cartpole swingup,123,72001,751.2
TT,cartpole swingup,123,72002,740.9
TT,cartpole swingup,123,72003,749.1
TT,cartpole swingup,123,76000,595.9
TT,cartpole swingup,123,76001,639.3
TT,cartpole swingup,123,76002,650.1
TT,cartpole swingup,123,76003,591.8
TT,cartpole swingup,123,80000,836.3
TT,cartpole swingup,123,80001,837.3
TT,cartpole swingup,123,80002,829.2
TT,cartpole swingup,123,80003,845.4
TT,cartpole swingup,123,84000,832.6
TT,cartpole swingup,123,84001,832.3
TT,cartpole swingup,123,84002,828.3
TT,cartpole swingup,123,84003,837.5
TT,cartpole swingup,123,88000,849.9
TT,cartpole swingup,123,88001,847.6
TT,cartpole swingup,123,88002,848.4
TT,cartpole swingup,123,88003,845.9
TT,cartpole swingup,123,92000,854.0
TT,cartpole swingup,123,92001,855.7
TT,cartpole swingup,123,92002,856.3
TT,cartpole swingup,123,92003,855.5
TT,cartpole swingup,123,96000,851.2
TT,cartpole swingup,123,96001,849.9
TT,cartpole swingup,123,96002,849.5
TT,cartpole swingup,123,96003,853.4
BL,cartpole swingup,456,1000,28.5
BL,cartpole swingup,456,2000,207.7
BL,cartpole swingup,456,3000,58.5
BL,cartpole swingup,456,4000,55.6
BL,cartpole swingup,456,5000,164.0
BL,cartpole swingup,456,6000,138.2
BL,cartpole swingup,456,7000,226.4
BL,cartpole swingup,456,8000,166.3
BL,cartpole swingup,456,9000,210.8
BL,cartpole swingup,456,10000,178.9
BL,cartpole swingup,456,11000,150.3
BL,cartpole swingup,456,12000,184.2
BL,cartpole swingup,456,13000,173.8
BL,cartpole swingup,456,14000,264.2
BL,cartpole swingup,456,15000,205.7
BL,cartpole swingup,456,16000,237.5
BL,cartpole swingup,456,17000,229.6
BL,cartpole swingup,456,18000,267.9
BL,cartpole swingup,456,19000,257.4
BL,cartpole swingup,456,20000,198.7
BL,cartpole swingup,456,21000,337.8
BL,cartpole swingup,456,22000,203.2
BL,cartpole swingup,456,23000,204.7
BL,cartpole swingup,456,24000,387.1
BL,cartpole swingup,456,25000,291.5
BL,cartpole swingup,456,26000,437.2
BL,cartpole swingup,456,27000,401.1
BL,cartpole swingup,456,28000,359.6
BL,cartpole swingup,456,29000,386.0
BL,cartpole swingup,456,30000,390.6
BL,cartpole swingup,456,31000,401.8
BL,cartpole swingup,456,32000,385.1
BL,cartpole swingup,456,33000,470.7
BL,cartpole swingup,456,34000,428.7
BL,cartpole swingup,456,35000,389.6
BL,cartpole swingup,456,36000,393.3
BL,cartpole swingup,456,37000,400.5
BL,cartpole swingup,456,38000,435.6
BL,cartpole swingup,456,39000,484.7
BL,cartpole swingup,456,40000,479.9
BL,cartpole swingup,456,41000,457.8
BL,cartpole swingup,456,42000,461.8
BL,cartpole swingup,456,43000,386.4
BL,cartpole swingup,456,44000,411.8
BL,cartpole swingup,456,45000,483.9
BL,cartpole swingup,456,46000,521.6
BL,cartpole swingup,456,47000,523.8
BL,cartpole swingup,456,48000,534.0
BL,cartpole swingup,456,49000,627.4
BL,cartpole swingup,456,50000,490.8
BL,cartpole swingup,456,51000,518.4
BL,cartpole swingup,456,52000,558.1
BL,cartpole swingup,456,53000,564.3
BL,cartpole swingup,456,54000,543.7
BL,cartpole swingup,456,55000,578.7
BL,cartpole swingup,456,56000,524.7
BL,cartpole swingup,456,57000,578.4
BL,cartpole swingup,456,58000,588.3
BL,cartpole swingup,456,59000,560.7
BL,cartpole swingup,456,60000,645.7
BL,cartpole swingup,456,61000,666.9
BL,cartpole swingup,456,62000,532.1
BL,cartpole swingup,456,63000,602.1
BL,cartpole swingup,456,64000,543.5
BL,cartpole swingup,456,65000,698.9
BL,cartpole swingup,456,66000,534.8
BL,cartpole swingup,456,67000,612.9
BL,cartpole swingup,456,68000,659.0
BL,cartpole swingup,456,69000,721.0
BL,cartpole swingup,456,70000,734.3
BL,cartpole swingup,456,71000,675.9
BL,cartpole swingup,456,72000,788.3
BL,cartpole swingup,456,73000,689.8
BL,cartpole swingup,456,74000,382.5
BL,cartpole swingup,456,75000,690.6
BL,cartpole swingup,456,76000,776.8
BL,cartpole swingup,456,77000,783.5
BL,cartpole swingup,456,78000,775.8
BL,cartpole swingup,456,79000,784.6
BL,cartpole swingup,456,80000,777.0
BL,cartpole swingup,456,81000,695.4
BL,cartpole swingup,456,82000,756.7
BL,cartpole swingup,456,83000,750.3
BL,cartpole swingup,456,84000,756.6
BL,cartpole swingup,456,85000,763.9
BL,cartpole swingup,456,86000,733.0
BL,cartpole swingup,456,87000,780.8
BL,cartpole swingup,456,88000,738.9
BL,cartpole swingup,456,89000,633.8
BL,cartpole swingup,456,90000,803.1
BL,cartpole swingup,456,91000,798.8
BL,cartpole swingup,456,92000,800.5
BL,cartpole swingup,456,93000,824.8
BL,cartpole swingup,456,94000,825.9
BL,cartpole swingup,456,95000,819.7
BL,cartpole swingup,456,96000,819.5
BL,cartpole swingup,456,97000,804.0
BL,cartpole swingup,456,98000,815.3
BL,cartpole swingup,456,99000,820.2
TT,cartpole swingup,456,1000,74.5
TT,cartpole swingup,456,2000,187.7
TT,cartpole swingup,456,3000,102.6
TT,cartpole swingup,456,4000,89.0
TT,cartpole swingup,456,5000,55.2
TT,cartpole swingup,456,6000,206.6
TT,cartpole swingup,456,7000,215.5
TT,cartpole swingup,456,8000,208.8
TT,cartpole swingup,456,9000,162.3
TT,cartpole swingup,456,10000,171.4
TT,cartpole swingup,456,11000,195.4
TT,cartpole swingup,456,12000,178.9
TT,cartpole swingup,456,13000,174.0
TT,cartpole swingup,456,14000,193.1
TT,cartpole swingup,456,15000,221.2
TT,cartpole swingup,456,16000,270.7
TT,cartpole swingup,456,17000,332.0
TT,cartpole swingup,456,18000,231.0
TT,cartpole swingup,456,19000,246.7
TT,cartpole swingup,456,20000,236.9
TT,cartpole swingup,456,21000,270.0
TT,cartpole swingup,456,22000,313.9
TT,cartpole swingup,456,23000,254.2
TT,cartpole swingup,456,24000,283.1
TT,cartpole swingup,456,25000,308.0
TT,cartpole swingup,456,26000,437.4
TT,cartpole swingup,456,27000,439.8
TT,cartpole swingup,456,28000,419.9
TT,cartpole swingup,456,29000,423.5
TT,cartpole swingup,456,30000,337.0
TT,cartpole swingup,456,31000,346.6
TT,cartpole swingup,456,32000,364.8
TT,cartpole swingup,456,33000,496.7
TT,cartpole swingup,456,34000,346.8
TT,cartpole swingup,456,35000,429.5
TT,cartpole swingup,456,36000,426.4
TT,cartpole swingup,456,37000,368.7
TT,cartpole swingup,456,38000,401.2
TT,cartpole swingup,456,39000,400.5
TT,cartpole swingup,456,40000,459.2
TT,cartpole swingup,456,41000,472.9
TT,cartpole swingup,456,42000,468.8
TT,cartpole swingup,456,43000,435.4
TT,cartpole swingup,456,44000,402.4
TT,cartpole swingup,456,45000,511.5
TT,cartpole swingup,456,46000,426.9
TT,cartpole swingup,456,47000,493.8
TT,cartpole swingup,456,48000,512.8
TT,cartpole swingup,456,49000,474.3
TT,cartpole swingup,456,50000,491.3
TT,cartpole swingup,456,51000,450.1
TT,cartpole swingup,456,52000,493.1
TT,cartpole swingup,456,53000,470.4
TT,cartpole swingup,456,54000,435.2
TT,cartpole swingup,456,55000,418.5
TT,cartpole swingup,456,56000,479.6
TT,cartpole swingup,456,57000,477.5
TT,cartpole swingup,456,58000,544.0
TT,cartpole swingup,456,59000,564.9
TT,cartpole swingup,456,60000,529.4
TT,cartpole swingup,456,61000,504.2
TT,cartpole swingup,456,62000,621.3
TT,cartpole swingup,456,63000,542.7
TT,cartpole swingup,456,64000,572.4
TT,cartpole swingup,456,65000,545.2
TT,cartpole swingup,456,66000,546.4
TT,cartpole swingup,456,67000,537.7
TT,cartpole swingup,456,68000,574.9
TT,cartpole swingup,456,69000,613.5
TT,cartpole swingup,456,70000,630.8
TT,cartpole swingup,456,71000,612.9
TT,cartpole swingup,456,72000,687.7
TT,cartpole swingup,456,73000,556.6
TT,cartpole swingup,456,74000,757.1
TT,cartpole swingup,456,75000,534.0
TT,cartpole swingup,456,76000,687.4
TT,cartpole swingup,456,77000,735.6
TT,cartpole swingup,456,78000,566.4
TT,cartpole swingup,456,79000,652.3
TT,cartpole swingup,456,80000,617.3
TT,cartpole swingup,456,81000,826.6
TT,cartpole swingup,456,82000,751.6
TT,cartpole swingup,456,83000,691.6
TT,cartpole swingup,456,84000,803.0
TT,cartpole swingup,456,85000,835.3
TT,cartpole swingup,456,86000,838.4
TT,cartpole swingup,456,87000,756.3
TT,cartpole swingup,456,88000,848.1
TT,cartpole swingup,456,89000,843.6
TT,cartpole swingup,456,90000,792.5
TT,cartpole swingup,456,91000,820.5
TT,cartpole swingup,456,92000,823.3
TT,cartpole swingup,456,93000,834.0
TT,cartpole swingup,456,94000,825.9
TT,cartpole swingup,456,95000,853.6
TT,cartpole swingup,456,96000,849.5
TT,cartpole swingup,456,97000,772.6
TT,cartpole swingup,456,98000,847.1
TT,cartpole swingup,456,99000,850.5
BL,cheetah run,42,1000,6.1
BL,cheetah run,42,2000,9.5
BL,cheetah run,42,3000,7.5
BL,cheetah run,42,4000,5.4
BL,cheetah run,42,5000,9.0
BL,cheetah run,42,6000,11.8
BL,cheetah run,42,7000,29.5
BL,cheetah run,42,8000,67.5
BL,cheetah run,42,9000,101.8
BL,cheetah run,42,10000,60.0
BL,cheetah run,42,11000,75.6
BL,cheetah run,42,12000,42.4
BL,cheetah run,42,13000,77.5
BL,cheetah run,42,14000,57.9
BL,cheetah run,42,15000,40.5
BL,cheetah run,42,16000,52.0
BL,cheetah run,42,17000,82.8
BL,cheetah run,42,18000,60.0
BL,cheetah run,42,19000,65.4
BL,cheetah run,42,20000,46.1
BL,cheetah run,42,21000,134.9
BL,cheetah run,42,22000,102.9
BL,cheetah run,42,23000,65.4
BL,cheetah run,42,24000,53.1
BL,cheetah run,42,25000,126.3
BL,cheetah run,42,26000,142.6
BL,cheetah run,42,27000,38.2
BL,cheetah run,42,28000,111.6
BL,cheetah run,42,29000,98.4
BL,cheetah run,42,30000,90.4
BL,cheetah run,42,31000,133.1
BL,cheetah run,42,32000,151.4
BL,cheetah run,42,33000,85.8
BL,cheetah run,42,34000,123.3
BL,cheetah run,42,35000,217.5
BL,cheetah run,42,36000,171.6
BL,cheetah run,42,37000,174.8
BL,cheetah run,42,38000,198.5
BL,cheetah run,42,39000,67.9
BL,cheetah run,42,40000,192.7
BL,cheetah run,42,41000,213.4
BL,cheetah run,42,42000,118.5
BL,cheetah run,42,43000,109.1
BL,cheetah run,42,44000,198.2
BL,cheetah run,42,45000,240.6
BL,cheetah run,42,46000,106.9
BL,cheetah run,42,47000,40.7
BL,cheetah run,42,48000,196.6
BL,cheetah run,42,49000,252.3
BL,cheetah run,42,50000,251.9
BL,cheetah run,42,51000,279.8
BL,cheetah run,42,52000,289.8
BL,cheetah run,42,53000,259.5
BL,cheetah run,42,54000,310.5
BL,cheetah run,42,55000,289.7
BL,cheetah run,42,56000,330.2
BL,cheetah run,42,57000,257.7
BL,cheetah run,42,58000,263.0
BL,cheetah run,42,59000,302.3
BL,cheetah run,42,60000,336.0
BL,cheetah run,42,61000,235.2
BL,cheetah run,42,62000,349.9
BL,cheetah run,42,63000,229.5
BL,cheetah run,42,64000,364.9
BL,cheetah run,42,65000,376.5
BL,cheetah run,42,66000,117.7
BL,cheetah run,42,67000,369.0
BL,cheetah run,42,68000,389.3
BL,cheetah run,42,69000,336.9
BL,cheetah run,42,70000,271.1
BL,cheetah run,42,71000,368.4
BL,cheetah run,42,72000,385.5
BL,cheetah run,42,73000,116.7
BL,cheetah run,42,74000,359.7
BL,cheetah run,42,75000,344.1
BL,cheetah run,42,76000,151.3
BL,cheetah run,42,77000,372.9
BL,cheetah run,42,78000,352.9
BL,cheetah run,42,79000,385.4
BL,cheetah run,42,80000,169.2
BL,cheetah run,42,81000,316.6
BL,cheetah run,42,82000,94.8
BL,cheetah run,42,83000,339.9
BL,cheetah run,42,84000,332.7
BL,cheetah run,42,85000,396.8
BL,cheetah run,42,86000,351.4
BL,cheetah run,42,87000,399.6
BL,cheetah run,42,88000,395.1
BL,cheetah run,42,89000,405.2
BL,cheetah run,42,90000,64.6
BL,cheetah run,42,91000,299.4
BL,cheetah run,42,92000,258.3
BL,cheetah run,42,93000,357.3
BL,cheetah run,42,94000,375.9
BL,cheetah run,42,95000,231.6
BL,cheetah run,42,96000,48.9
BL,cheetah run,42,97000,415.9
BL,cheetah run,42,98000,390.4
BL,cheetah run,42,99000,375.4
TT,cheetah run,42,1000,4.8
TT,cheetah run,42,2000,4.6
TT,cheetah run,42,3000,12.6
TT,cheetah run,42,4000,12.3
TT,cheetah run,42,5000,8.9
TT,cheetah run,42,6000,16.2
TT,cheetah run,42,7000,16.4
TT,cheetah run,42,8000,22.0
TT,cheetah run,42,9000,64.8
TT,cheetah run,42,10000,97.3
TT,cheetah run,42,11000,62.7
TT,cheetah run,42,12000,83.7
TT,cheetah run,42,13000,42.4
TT,cheetah run,42,14000,23.4
TT,cheetah run,42,15000,66.8
TT,cheetah run,42,16000,66.2
TT,cheetah run,42,17000,19.8
TT,cheetah run,42,18000,56.8
TT,cheetah run,42,19000,75.2
TT,cheetah run,42,20000,91.1
TT,cheetah run,42,21000,59.3
TT,cheetah run,42,22000,137.0
TT,cheetah run,42,23000,74.3
TT,cheetah run,42,24000,48.7
TT,cheetah run,42,25000,105.6
TT,cheetah run,42,26000,154.7
TT,cheetah run,42,27000,106.3
TT,cheetah run,42,28000,92.8
TT,cheetah run,42,29000,139.7
TT,cheetah run,42,30000,50.2
TT,cheetah run,42,31000,143.5
TT,cheetah run,42,32000,167.8
TT,cheetah run,42,33000,156.8
TT,cheetah run,42,34000,126.8
TT,cheetah run,42,35000,23.7
TT,cheetah run,42,36000,178.5
TT,cheetah run,42,37000,159.0
TT,cheetah run,42,38000,194.9
TT,cheetah run,42,39000,127.1
TT,cheetah run,42,40000,179.9
TT,cheetah run,42,41000,189.4
TT,cheetah run,42,42000,205.1
TT,cheetah run,42,43000,174.6
TT,cheetah run,42,44000,191.8
TT,cheetah run,42,45000,179.9
TT,cheetah run,42,46000,208.3
TT,cheetah run,42,47000,206.8
TT,cheetah run,42,48000,237.2
TT,cheetah run,42,49000,177.2
TT,cheetah run,42,50000,249.4
TT,cheetah run,42,51000,227.2
TT,cheetah run,42,52000,238.4
TT,cheetah run,42,53000,261.4
TT,cheetah run,42,54000,261.5
TT,cheetah run,42,55000,260.7
TT,cheetah run,42,56000,254.9
TT,cheetah run,42,57000,201.4
TT,cheetah run,42,58000,278.9
TT,cheetah run,42,59000,281.4
TT,cheetah run,42,60000,282.6
TT,cheetah run,42,61000,294.5
TT,cheetah run,42,62000,286.7
TT,cheetah run,42,63000,293.3
TT,cheetah run,42,64000,318.9
TT,cheetah run,42,65000,274.4
TT,cheetah run,42,66000,63.9
TT,cheetah run,42,67000,316.9
TT,cheetah run,42,68000,294.8
TT,cheetah run,42,69000,293.9
TT,cheetah run,42,70000,311.1
TT,cheetah run,42,71000,334.7
TT,cheetah run,42,72000,296.0
TT,cheetah run,42,73000,339.3
TT,cheetah run,42,74000,205.9
TT,cheetah run,42,75000,334.3
TT,cheetah run,42,76000,338.1
TT,cheetah run,42,77000,345.3
TT,cheetah run,42,78000,347.1
TT,cheetah run,42,79000,188.7
TT,cheetah run,42,80000,380.3
TT,cheetah run,42,81000,315.1
TT,cheetah run,42,82000,341.3
TT,cheetah run,42,83000,352.0
TT,cheetah run,42,84000,377.2
TT,cheetah run,42,85000,364.5
TT,cheetah run,42,86000,388.6
TT,cheetah run,42,87000,363.7
TT,cheetah run,42,88000,385.9
TT,cheetah run,42,89000,388.1
TT,cheetah run,42,90000,368.6
TT,cheetah run,42,91000,262.7
TT,cheetah run,42,92000,61.0
TT,cheetah run,42,93000,380.1
TT,cheetah run,42,94000,403.7
TT,cheetah run,42,95000,218.8
TT,cheetah run,42,96000,100.4
TT,cheetah run,42,97000,248.7
TT,cheetah run,42,98000,257.1
TT,cheetah run,42,99000,360.7
BL,cheetah run,123,1000,10.5
BL,cheetah run,123,2000,5.1
BL,cheetah run,123,3000,7.3
BL,cheetah run,123,4000,19.9
BL,cheetah run,123,5000,14.5
BL,cheetah run,123,6000,14.9
BL,cheetah run,123,7000,12.2
BL,cheetah run,123,8000,11.7
BL,cheetah run,123,9000,9.9
BL,cheetah run,123,10000,38.0
BL,cheetah run,123,11000,54.1
BL,cheetah run,123,12000,82.5
BL,cheetah run,123,13000,88.0
BL,cheetah run,123,14000,93.2
BL,cheetah run,123,15000,67.9
BL,cheetah run,123,16000,66.0
BL,cheetah run,123,17000,56.0
BL,cheetah run,123,18000,19.8
BL,cheetah run,123,19000,25.1
BL,cheetah run,123,20000,157.6
BL,cheetah run,123,21000,98.8
BL,cheetah run,123,22000,79.5
BL,cheetah run,123,23000,45.5
BL,cheetah run,123,24000,95.5
BL,cheetah run,123,25000,98.0
BL,cheetah run,123,26000,130.8
BL,cheetah run,123,27000,81.9
BL,cheetah run,123,28000,95.0
BL,cheetah run,123,29000,47.8
BL,cheetah run,123,30000,40.2
BL,cheetah run,123,31000,46.5
BL,cheetah run,123,32000,91.5
BL,cheetah run,123,33000,58.3
BL,cheetah run,123,34000,67.8
BL,cheetah run,123,35000,75.9
BL,cheetah run,123,36000,46.8
BL,cheetah run,123,37000,177.5
BL,cheetah run,123,38000,143.5
BL,cheetah run,123,39000,205.3
BL,cheetah run,123,40000,169.6
BL,cheetah run,123,41000,158.8
BL,cheetah run,123,42000,212.4
BL,cheetah run,123,43000,67.9
BL,cheetah run,123,44000,246.2
BL,cheetah run,123,45000,28.1
BL,cheetah run,123,46000,222.5
BL,cheetah run,123,47000,164.7
BL,cheetah run,123,48000,247.5
BL,cheetah run,123,49000,264.0
BL,cheetah run,123,50000,242.7
BL,cheetah run,123,51000,225.9
BL,cheetah run,123,52000,257.6
BL,cheetah run,123,53000,127.1
BL,cheetah run,123,54000,261.6
BL,cheetah run,123,55000,119.9
BL,cheetah run,123,56000,239.5
BL,cheetah run,123,57000,164.4
BL,cheetah run,123,58000,270.1
BL,cheetah run,123,59000,268.1
BL,cheetah run,123,60000,194.2
BL,cheetah run,123,61000,144.1
BL,cheetah run,123,62000,37.9
BL,cheetah run,123,63000,246.2
BL,cheetah run,123,64000,234.3
BL,cheetah run,123,65000,268.2
BL,cheetah run,123,66000,290.9
BL,cheetah run,123,67000,282.6
BL,cheetah run,123,68000,283.1
BL,cheetah run,123,69000,290.7
BL,cheetah run,123,70000,293.3
BL,cheetah run,123,71000,315.6
BL,cheetah run,123,72000,295.6
BL,cheetah run,123,73000,63.6
BL,cheetah run,123,74000,230.0
BL,cheetah run,123,75000,252.6
BL,cheetah run,123,76000,259.4
BL,cheetah run,123,77000,306.3
BL,cheetah run,123,78000,324.6
BL,cheetah run,123,79000,323.7
BL,cheetah run,123,80000,230.4
BL,cheetah run,123,81000,61.0
BL,cheetah run,123,82000,326.9
BL,cheetah run,123,83000,326.1
BL,cheetah run,123,84000,329.9
BL,cheetah run,123,85000,317.8
BL,cheetah run,123,86000,324.5
BL,cheetah run,123,87000,156.3
BL,cheetah run,123,88000,320.5
BL,cheetah run,123,89000,285.6
BL,cheetah run,123,90000,295.8
BL,cheetah run,123,91000,276.1
BL,cheetah run,123,92000,335.3
BL,cheetah run,123,93000,351.2
BL,cheetah run,123,94000,346.0
BL,cheetah run,123,95000,235.0
BL,cheetah run,123,96000,333.5
BL,cheetah run,123,97000,322.6
BL,cheetah run,123,98000,365.7
BL,cheetah run,123,99000,346.6
TT,cheetah run,123,1000,17.0
TT,cheetah run,123,2000,5.1
TT,cheetah run,123,3000,13.8
TT,cheetah run,123,4000,7.4
TT,cheetah run,123,5000,12.6
TT,cheetah run,123,6000,11.1
TT,cheetah run,123,7000,11.8
TT,cheetah run,123,8000,18.5
TT,cheetah run,123,9000,21.6
TT,cheetah run,123,10000,32.5
TT,cheetah run,123,11000,46.1
TT,cheetah run,123,12000,41.3
TT,cheetah run,123,13000,46.5
TT,cheetah run,123,14000,55.4
TT,cheetah run,123,15000,51.6
TT,cheetah run,123,16000,99.1
TT,cheetah run,123,17000,96.9
TT,cheetah run,123,18000,90.0
TT,cheetah run,123,19000,50.0
TT,cheetah run,123,20000,54.3
TT,cheetah run,123,21000,85.8
TT,cheetah run,123,22000,46.8
TT,cheetah run,123,23000,105.9
TT,cheetah run,123,24000,62.0
TT,cheetah run,123,25000,71.4
TT,cheetah run,123,26000,90.2
TT,cheetah run,123,27000,19.0
TT,cheetah run,123,28000,117.2
TT,cheetah run,123,29000,112.1
TT,cheetah run,123,30000,171.0
TT,cheetah run,123,31000,151.3
TT,cheetah run,123,32000,148.0
TT,cheetah run,123,33000,87.1
TT,cheetah run,123,34000,172.9
TT,cheetah run,123,35000,182.7
TT,cheetah run,123,36000,144.0
TT,cheetah run,123,37000,42.5
TT,cheetah run,123,38000,161.7
TT,cheetah run,123,39000,67.5
TT,cheetah run,123,40000,166.9
TT,cheetah run,123,41000,189.6
TT,cheetah run,123,42000,180.9
TT,cheetah run,123,43000,53.0
TT,cheetah run,123,44000,179.8
TT,cheetah run,123,45000,93.7
TT,cheetah run,123,46000,190.2
TT,cheetah run,123,47000,209.6
TT,cheetah run,123,48000,210.3
TT,cheetah run,123,49000,193.5
TT,cheetah run,123,50000,63.3
TT,cheetah run,123,51000,38.7
TT,cheetah run,123,52000,73.0
TT,cheetah run,123,53000,150.7
TT,cheetah run,123,54000,239.1
TT,cheetah run,123,55000,78.8
TT,cheetah run,123,56000,279.5
TT,cheetah run,123,57000,217.1
TT,cheetah run,123,58000,230.7
TT,cheetah run,123,59000,115.2
TT,cheetah run,123,60000,286.6
TT,cheetah run,123,61000,283.5
TT,cheetah run,123,62000,287.6
TT,cheetah run,123,63000,298.9
TT,cheetah run,123,64000,264.5
TT,cheetah run,123,65000,166.7
TT,cheetah run,123,66000,94.6
TT,cheetah run,123,67000,56.1
TT,cheetah run,123,68000,234.8
TT,cheetah run,123,69000,66.9
TT,cheetah run,123,70000,344.2
TT,cheetah run,123,71000,259.2
TT,cheetah run,123,72000,118.4
TT,cheetah run,123,73000,205.1
TT,cheetah run,123,74000,107.6
TT,cheetah run,123,75000,191.7
TT,cheetah run,123,76000,202.1
TT,cheetah run,123,77000,227.3
TT,cheetah run,123,78000,356.5
TT,cheetah run,123,79000,350.8
TT,cheetah run,123,80000,287.4
TT,cheetah run,123,81000,140.0
TT,cheetah run,123,82000,222.8
TT,cheetah run,123,83000,302.4
TT,cheetah run,123,84000,350.4
TT,cheetah run,123,85000,364.3
TT,cheetah run,123,86000,338.5
TT,cheetah run,123,87000,174.6
TT,cheetah run,123,88000,417.5
TT,cheetah run,123,89000,293.3
TT,cheetah run,123,90000,127.4
TT,cheetah run,123,91000,285.4
TT,cheetah run,123,92000,287.0
TT,cheetah run,123,93000,375.8
TT,cheetah run,123,94000,381.8
TT,cheetah run,123,95000,315.9
TT,cheetah run,123,96000,51.2
TT,cheetah run,123,97000,226.9
TT,cheetah run,123,98000,285.6
TT,cheetah run,123,99000,139.3
BL,cheetah run,456,1000,11.9
BL,cheetah run,456,2000,13.4
BL,cheetah run,456,3000,15.8
BL,cheetah run,456,4000,7.4
BL,cheetah run,456,5000,12.1
BL,cheetah run,456,6000,28.9
BL,cheetah run,456,7000,80.5
BL,cheetah run,456,8000,89.6
BL,cheetah run,456,9000,114.8
BL,cheetah run,456,10000,58.2
BL,cheetah run,456,11000,61.6
BL,cheetah run,456,12000,73.6
BL,cheetah run,456,13000,44.6
BL,cheetah run,456,14000,103.0
BL,cheetah run,456,15000,119.6
BL,cheetah run,456,16000,129.0
BL,cheetah run,456,17000,79.6
BL,cheetah run,456,18000,8.4
BL,cheetah run,456,19000,67.0
BL,cheetah run,456,20000,108.6
BL,cheetah run,456,21000,19.7
BL,cheetah run,456,22000,139.8
BL,cheetah run,456,23000,125.1
BL,cheetah run,456,24000,112.1
BL,cheetah run,456,25000,41.9
BL,cheetah run,456,26000,176.3
BL,cheetah run,456,27000,149.1
BL,cheetah run,456,28000,179.1
BL,cheetah run,456,29000,155.6
BL,cheetah run,456,30000,116.0
BL,cheetah run,456,31000,166.7
BL,cheetah run,456,32000,170.9
BL,cheetah run,456,33000,179.4
BL,cheetah run,456,34000,160.8
BL,cheetah run,456,35000,116.9
BL,cheetah run,456,36000,190.8
BL,cheetah run,456,37000,192.5
BL,cheetah run,456,38000,220.7
BL,cheetah run,456,39000,196.0
BL,cheetah run,456,40000,210.5
BL,cheetah run,456,41000,249.5
BL,cheetah run,456,42000,241.2
BL,cheetah run,456,43000,228.2
BL,cheetah run,456,44000,215.3
BL,cheetah run,456,45000,248.4
BL,cheetah run,456,46000,240.9
BL,cheetah run,456,47000,262.5
BL,cheetah run,456,48000,249.2
BL,cheetah run,456,49000,248.5
BL,cheetah run,456,50000,297.9
BL,cheetah run,456,51000,252.9
BL,cheetah run,456,52000,259.3
BL,cheetah run,456,53000,320.1
BL,cheetah run,456,54000,282.5
BL,cheetah run,456,55000,110.9
BL,cheetah run,456,56000,301.3
BL,cheetah run,456,57000,306.3
BL,cheetah run,456,58000,63.3
BL,cheetah run,456,59000,302.0
BL,cheetah run,456,60000,304.7
BL,cheetah run,456,61000,309.7
BL,cheetah run,456,62000,291.1
BL,cheetah run,456,63000,304.3
BL,cheetah run,456,64000,319.0
BL,cheetah run,456,65000,338.1
BL,cheetah run,456,66000,352.0
BL,cheetah run,456,67000,345.4
BL,cheetah run,456,68000,176.9
BL,cheetah run,456,69000,349.6
BL,cheetah run,456,70000,342.4
BL,cheetah run,456,71000,348.3
BL,cheetah run,456,72000,346.2
BL,cheetah run,456,73000,320.5
BL,cheetah run,456,74000,320.0
BL,cheetah run,456,75000,351.1
BL,cheetah run,456,76000,353.5
BL,cheetah run,456,77000,20.9
BL,cheetah run,456,78000,171.0
BL,cheetah run,456,79000,359.2
BL,cheetah run,456,80000,325.2
BL,cheetah run,456,81000,343.0
BL,cheetah run,456,82000,352.5
BL,cheetah run,456,83000,362.2
BL,cheetah run,456,84000,312.3
BL,cheetah run,456,85000,322.4
BL,cheetah run,456,86000,336.8
BL,cheetah run,456,87000,390.5
BL,cheetah run,456,88000,319.6
BL,cheetah run,456,89000,186.3
BL,cheetah run,456,90000,336.8
BL,cheetah run,456,91000,378.3
BL,cheetah run,456,92000,384.4
BL,cheetah run,456,93000,383.6
BL,cheetah run,456,94000,377.8
BL,cheetah run,456,95000,404.8
BL,cheetah run,456,96000,356.9
BL,cheetah run,456,97000,408.5
BL,cheetah run,456,98000,379.3
BL,cheetah run,456,99000,280.9
TT,cheetah run,456,1000,10.9
TT,cheetah run,456,2000,13.3
TT,cheetah run,456,3000,8.9
TT,cheetah run,456,4000,5.3
TT,cheetah run,456,5000,15.4
TT,cheetah run,456,6000,11.0
TT,cheetah run,456,7000,11.5
TT,cheetah run,456,8000,12.4
TT,cheetah run,456,9000,43.6
TT,cheetah run,456,10000,64.9
TT,cheetah run,456,11000,60.6
TT,cheetah run,456,12000,48.3
TT,cheetah run,456,13000,100.4
TT,cheetah run,456,14000,61.4
TT,cheetah run,456,15000,39.2
TT,cheetah run,456,16000,44.3
TT,cheetah run,456,17000,59.6
TT,cheetah run,456,18000,81.0
TT,cheetah run,456,19000,94.1
TT,cheetah run,456,20000,102.4
TT,cheetah run,456,21000,113.3
TT,cheetah run,456,22000,149.2
TT,cheetah run,456,23000,139.2
TT,cheetah run,456,24000,143.8
TT,cheetah run,456,25000,82.4
TT,cheetah run,456,26000,29.4
TT,cheetah run,456,27000,200.6
TT,cheetah run,456,28000,108.6
TT,cheetah run,456,29000,92.6
TT,cheetah run,456,30000,117.4
TT,cheetah run,456,31000,165.3
TT,cheetah run,456,32000,132.6
TT,cheetah run,456,33000,187.6
TT,cheetah run,456,34000,229.8
TT,cheetah run,456,35000,190.4
TT,cheetah run,456,36000,170.1
TT,cheetah run,456,37000,245.2
TT,cheetah run,456,38000,97.4
TT,cheetah run,456,39000,214.0
TT,cheetah run,456,40000,244.2
TT,cheetah run,456,41000,263.3
TT,cheetah run,456,42000,230.1
TT,cheetah run,456,43000,287.0
TT,cheetah run,456,44000,258.5
TT,cheetah run,456,45000,250.3
TT,cheetah run,456,46000,280.8
TT,cheetah run,456,47000,287.6
TT,cheetah run,456,48000,295.9
TT,cheetah run,456,49000,248.4
TT,cheetah run,456,50000,316.2
TT,cheetah run,456,51000,323.7
TT,cheetah run,456,52000,333.6
TT,cheetah run,456,53000,319.7
TT,cheetah run,456,54000,340.9
TT,cheetah run,456,55000,312.0
TT,cheetah run,456,56000,357.9
TT,cheetah run,456,57000,261.4
TT,cheetah run,456,58000,317.7
TT,cheetah run,456,59000,391.9
TT,cheetah run,456,60000,323.2
TT,cheetah run,456,61000,382.2
TT,cheetah run,456,62000,375.9
TT,cheetah run,456,63000,406.2
TT,cheetah run,456,64000,380.4
TT,cheetah run,456,65000,415.9
TT,cheetah run,456,66000,419.3
TT,cheetah run,456,67000,390.0
TT,cheetah run,456,68000,308.8
TT,cheetah run,456,69000,409.4
TT,cheetah run,456,70000,415.9
TT,cheetah run,456,71000,276.6
TT,cheetah run,456,72000,152.4
TT,cheetah run,456,73000,382.1
TT,cheetah run,456,74000,162.2
TT,cheetah run,456,75000,396.2
TT,cheetah run,456,76000,340.7
TT,cheetah run,456,77000,405.3
TT,cheetah run,456,78000,99.2
TT,cheetah run,456,79000,239.6
TT,cheetah run,456,80000,391.7
TT,cheetah run,456,81000,408.1
TT,cheetah run,456,82000,167.8
TT,cheetah run,456,83000,201.5
TT,cheetah run,456,84000,410.9
TT,cheetah run,456,85000,135.8
TT,cheetah run,456,86000,348.6
TT,cheetah run,456,87000,421.4
TT,cheetah run,456,88000,448.4
TT,cheetah run,456,89000,388.1
TT,cheetah run,456,90000,132.4
TT,cheetah run,456,91000,54.4
TT,cheetah run,456,92000,398.1
TT,cheetah run,456,93000,334.7
TT,cheetah run,456,94000,414.0
TT,cheetah run,456,95000,382.7
TT,cheetah run,456,96000,379.7
TT,cheetah run,456,97000,420.9
TT,cheetah run,456,98000,228.6
TT,cheetah run,456,99000,374.0
BL,walker walk,42,4000,45.6
BL,walker walk,42,4001,41.5
BL,walker walk,42,4002,40.6
BL,walker walk,42,4003,39.6
BL,walker walk,42,8000,32.2
BL,walker walk,42,8001,42.3
BL,walker walk,42,8002,37.2
BL,walker walk,42,8003,29.3
BL,walker walk,42,12000,67.3
BL,walker walk,42,12001,112.9
BL,walker walk,42,12002,69.1
BL,walker walk,42,12003,119.4
BL,walker walk,42,16000,115.7
BL,walker walk,42,16001,99.6
BL,walker walk,42,16002,116.2
BL,walker walk,42,16003,107.9
BL,walker walk,42,20000,164.3
BL,walker walk,42,20001,116.8
BL,walker walk,42,20002,126.9
BL,walker walk,42,20003,144.8
BL,walker walk,42,24000,209.5
BL,walker walk,42,24001,163.7
BL,walker walk,42,24002,150.7
BL,walker walk,42,24003,151.9
BL,walker walk,42,28000,146.5
BL,walker walk,42,28001,158.5
BL,walker walk,42,28002,147.3
BL,walker walk,42,28003,157.1
BL,walker walk,42,32000,173.3
BL,walker walk,42,32001,145.3
BL,walker walk,42,32002,170.0
BL,walker walk,42,32003,163.0
BL,walker walk,42,36000,183.5
BL,walker walk,42,36001,180.0
BL,walker walk,42,36002,169.6
BL,walker walk,42,36003,179.9
BL,walker walk,42,40000,181.2
BL,walker walk,42,40001,184.3
BL,walker walk,42,40002,185.0
BL,walker walk,42,40003,225.3
BL,walker walk,42,44000,206.3
BL,walker walk,42,44001,183.1
BL,walker walk,42,44002,184.9
BL,walker walk,42,44003,182.1
BL,walker walk,42,48000,177.7
BL,walker walk,42,48001,196.0
BL,walker walk,42,48002,191.3
BL,walker walk,42,48003,183.4
BL,walker walk,42,52000,101.7
BL,walker walk,42,52001,282.0
BL,walker walk,42,52002,103.0
BL,walker walk,42,52003,93.9
BL,walker walk,42,56000,210.8
BL,walker walk,42,56001,183.9
BL,walker walk,42,56002,180.7
BL,walker walk,42,56003,161.9
BL,walker walk,42,60000,103.4
BL,walker walk,42,60001,150.0
BL,walker walk,42,60002,305.5
BL,walker walk,42,60003,280.6
BL,walker walk,42,64000,150.0
BL,walker walk,42,64001,232.1
BL,walker walk,42,64002,153.8
BL,walker walk,42,64003,152.4
BL,walker walk,42,68000,352.6
BL,walker walk,42,68001,168.2
BL,walker walk,42,68002,155.8
BL,walker walk,42,68003,168.6
BL,walker walk,42,72000,179.1
BL,walker walk,42,72001,169.0
BL,walker walk,42,72002,172.3
BL,walker walk,42,72003,185.3
BL,walker walk,42,76000,174.9
BL,walker walk,42,76001,181.7
BL,walker walk,42,76002,166.2
BL,walker walk,42,76003,375.7
BL,walker walk,42,80000,130.9
BL,walker walk,42,80001,355.3
BL,walker walk,42,80002,419.8
BL,walker walk,42,80003,226.8
BL,walker walk,42,84000,353.8
BL,walker walk,42,84001,68.4
BL,walker walk,42,84002,63.4
BL,walker walk,42,84003,54.1
BL,walker walk,42,88000,162.0
BL,walker walk,42,88001,394.4
BL,walker walk,42,88002,255.3
BL,walker walk,42,88003,378.4
BL,walker walk,42,92000,429.0
BL,walker walk,42,92001,323.6
BL,walker walk,42,92002,405.5
BL,walker walk,42,92003,194.0
BL,walker walk,42,96000,418.0
BL,walker walk,42,96001,335.3
BL,walker walk,42,96002,339.7
BL,walker walk,42,96003,322.0
BL,walker walk,42,100000,449.5
BL,walker walk,42,100001,486.7
BL,walker walk,42,100002,456.0
BL,walker walk,42,100003,462.7
BL,walker walk,42,104000,367.9
BL,walker walk,42,104001,472.1
BL,walker walk,42,104002,386.9
BL,walker walk,42,104003,425.0
BL,walker walk,42,108000,427.9
BL,walker walk,42,108001,304.8
BL,walker walk,42,108002,466.6
BL,walker walk,42,108003,310.7
BL,walker walk,42,112000,433.4
BL,walker walk,42,112001,495.3
BL,walker walk,42,112002,384.0
BL,walker walk,42,112003,485.6
BL,walker walk,42,116000,487.4
BL,walker walk,42,116001,548.4
BL,walker walk,42,116002,511.2
BL,walker walk,42,116003,477.9
BL,walker walk,42,120000,471.9
BL,walker walk,42,120001,494.3
BL,walker walk,42,120002,519.8
BL,walker walk,42,120003,343.4
BL,walker walk,42,124000,516.2
BL,walker walk,42,124001,494.5
BL,walker walk,42,124002,393.0
BL,walker walk,42,124003,494.0
BL,walker walk,42,128000,457.9
BL,walker walk,42,128001,563.0
BL,walker walk,42,128002,532.2
BL,walker walk,42,128003,545.4
BL,walker walk,42,132000,454.8
BL,walker walk,42,132001,369.9
BL,walker walk,42,132002,423.1
BL,walker walk,42,132003,441.9
BL,walker walk,42,136000,560.4
BL,walker walk,42,136001,446.5
BL,walker walk,42,136002,530.5
BL,walker walk,42,136003,636.2
BL,walker walk,42,140000,558.8
BL,walker walk,42,140001,586.3
BL,walker walk,42,140002,305.9
BL,walker walk,42,140003,477.9
BL,walker walk,42,144000,574.6
BL,walker walk,42,144001,543.2
BL,walker walk,42,144002,509.2
BL,walker walk,42,144003,493.2
BL,walker walk,42,148000,531.6
BL,walker walk,42,148001,476.9
BL,walker walk,42,148002,640.3
BL,walker walk,42,148003,562.9
BL,walker walk,42,152000,605.1
BL,walker walk,42,152001,546.2
BL,walker walk,42,152002,585.6
BL,walker walk,42,152003,603.9
BL,walker walk,42,156000,654.9
BL,walker walk,42,156001,508.3
BL,walker walk,42,156002,478.1
BL,walker walk,42,156003,565.9
BL,walker walk,42,160000,514.3
BL,walker walk,42,160001,648.9
BL,walker walk,42,160002,561.0
BL,walker walk,42,160003,451.3
BL,walker walk,42,164000,622.5
BL,walker walk,42,164001,588.7
BL,walker walk,42,164002,558.1
BL,walker walk,42,164003,576.3
BL,walker walk,42,168000,517.1
BL,walker walk,42,168001,568.4
BL,walker walk,42,168002,578.4
BL,walker walk,42,168003,540.7
BL,walker walk,42,172000,578.8
BL,walker walk,42,172001,503.6
BL,walker walk,42,172002,652.1
BL,walker walk,42,172003,572.1
BL,walker walk,42,176000,716.9
BL,walker walk,42,176001,672.7
BL,walker walk,42,176002,594.6
BL,walker walk,42,176003,554.9
BL,walker walk,42,180000,680.3
BL,walker walk,42,180001,612.5
BL,walker walk,42,180002,567.4
BL,walker walk,42,180003,656.3
BL,walker walk,42,184000,674.4
BL,walker walk,42,184001,581.5
BL,walker walk,42,184002,711.4
BL,walker walk,42,184003,646.5
BL,walker walk,42,188000,656.1
BL,walker walk,42,188001,571.1
BL,walker walk,42,188002,653.4
BL,walker walk,42,188003,695.2
BL,walker walk,42,192000,705.2
BL,walker walk,42,192001,611.9
BL,walker walk,42,192002,736.2
BL,walker walk,42,192003,726.5
BL,walker walk,42,196000,603.6
BL,walker walk,42,196001,706.7
BL,walker walk,42,196002,663.8
BL,walker walk,42,196003,709.5
BL,walker walk,42,200000,823.6
BL,walker walk,42,200001,769.3
BL,walker walk,42,200002,838.1
BL,walker walk,42,200003,734.2
BL,walker walk,42,204000,762.8
BL,walker walk,42,204001,872.5
BL,walker walk,42,204002,750.6
BL,walker walk,42,204003,821.3
BL,walker walk,42,208000,682.8
BL,walker walk,42,208001,734.8
BL,walker walk,42,208002,837.0
BL,walker walk,42,208003,817.3
BL,walker walk,42,212000,814.1
BL,walker walk,42,212001,605.3
BL,walker walk,42,212002,793.7
BL,walker walk,42,212003,789.3
BL,walker walk,42,216000,822.4
BL,walker walk,42,216001,869.3
BL,walker walk,42,216002,845.1
BL,walker walk,42,216003,845.2
BL,walker walk,42,220000,755.7
BL,walker walk,42,220001,895.4
BL,walker walk,42,220002,758.2
BL,walker walk,42,220003,874.9
BL,walker walk,42,224000,889.3
BL,walker walk,42,224001,724.2
BL,walker walk,42,224002,868.0
BL,walker walk,42,224003,934.2
BL,walker walk,42,228000,846.7
BL,walker walk,42,228001,801.8
BL,walker walk,42,228002,806.9
BL,walker walk,42,228003,767.7
BL,walker walk,42,232000,788.5
BL,walker walk,42,232001,801.7
BL,walker walk,42,232002,849.7
BL,walker walk,42,232003,888.0
BL,walker walk,42,236000,899.6
BL,walker walk,42,236001,898.0
BL,walker walk,42,236002,881.7
BL,walker walk,42,236003,834.7
BL,walker walk,42,240000,914.5
BL,walker walk,42,240001,901.3
BL,walker walk,42,240002,882.7
BL,walker walk,42,240003,897.3
BL,walker walk,42,244000,893.9
BL,walker walk,42,244001,908.9
BL,walker walk,42,244002,902.2
BL,walker walk,42,244003,917.3
BL,walker walk,42,248000,506.1
BL,walker walk,42,248001,909.5
BL,walker walk,42,248002,859.6
BL,walker walk,42,248003,818.0
BL,walker walk,42,252000,908.5
BL,walker walk,42,252001,904.6
BL,walker walk,42,252002,922.0
BL,walker walk,42,252003,918.4
BL,walker walk,42,256000,878.6
BL,walker walk,42,256001,917.7
BL,walker walk,42,256002,884.2
BL,walker walk,42,256003,770.7
BL,walker walk,42,260000,896.5
BL,walker walk,42,260001,782.1
BL,walker walk,42,260002,906.0
BL,walker walk,42,260003,864.2
BL,walker walk,42,264000,934.4
BL,walker walk,42,264001,782.4
BL,walker walk,42,264002,933.6
BL,walker walk,42,264003,797.1
BL,walker walk,42,268000,904.0
BL,walker walk,42,268001,868.2
BL,walker walk,42,268002,905.3
BL,walker walk,42,268003,828.4
BL,walker walk,42,272000,910.3
BL,walker walk,42,272001,924.3
BL,walker walk,42,272002,889.2
BL,walker walk,42,272003,932.9
BL,walker walk,42,276000,922.5
BL,walker walk,42,276001,938.7
BL,walker walk,42,276002,923.0
BL,walker walk,42,276003,900.1
BL,walker walk,42,280000,938.7
BL,walker walk,42,280001,879.1
BL,walker walk,42,280002,894.2
BL,walker walk,42,280003,902.7
BL,walker walk,42,284000,839.4
BL,walker walk,42,284001,900.7
BL,walker walk,42,284002,890.1
BL,walker walk,42,284003,865.6
BL,walker walk,42,288000,753.7
BL,walker walk,42,288001,922.5
BL,walker walk,42,288002,958.3
BL,walker walk,42,288003,928.9
BL,walker walk,42,292000,738.5
BL,walker walk,42,292001,944.7
BL,walker walk,42,292002,845.9
BL,walker walk,42,292003,846.5
BL,walker walk,42,296000,875.2
BL,walker walk,42,296001,846.0
BL,walker walk,42,296002,920.1
BL,walker walk,42,296003,903.2
BL,walker walk,42,300000,901.0
BL,walker walk,42,300001,859.1
BL,walker walk,42,300002,934.6
BL,walker walk,42,300003,916.5
BL,walker walk,42,304000,944.4
BL,walker walk,42,304001,927.9
BL,walker walk,42,304002,880.1
BL,walker walk,42,304003,883.4
BL,walker walk,42,308000,826.3
BL,walker walk,42,308001,879.8
BL,walker walk,42,308002,907.4
BL,walker walk,42,308003,885.7
TT,walker walk,42,1000,33.9
TT,walker walk,42,2000,50.6
TT,walker walk,42,3000,36.1
TT,walker walk,42,4000,35.5
TT,walker walk,42,5000,49.5
TT,walker walk,42,6000,42.7
TT,walker walk,42,7000,37.5
TT,walker walk,42,8000,99.5
TT,walker walk,42,9000,125.6
TT,walker walk,42,10000,181.3
TT,walker walk,42,11000,193.6
TT,walker walk,42,12000,166.9
TT,walker walk,42,13000,91.1
TT,walker walk,42,14000,167.0
TT,walker walk,42,15000,182.5
TT,walker walk,42,16000,165.5
TT,walker walk,42,17000,176.5
TT,walker walk,42,18000,125.1
TT,walker walk,42,19000,168.6
TT,walker walk,42,20000,103.3
TT,walker walk,42,21000,155.7
TT,walker walk,42,22000,134.0
TT,walker walk,42,23000,136.8
TT,walker walk,42,24000,188.9
TT,walker walk,42,25000,186.8
TT,walker walk,42,26000,89.3
TT,walker walk,42,27000,65.2
TT,walker walk,42,28000,140.3
TT,walker walk,42,29000,181.0
TT,walker walk,42,30000,120.9
TT,walker walk,42,31000,180.4
TT,walker walk,42,32000,180.6
TT,walker walk,42,33000,125.0
TT,walker walk,42,34000,266.0
TT,walker walk,42,35000,192.1
TT,walker walk,42,36000,210.6
TT,walker walk,42,37000,177.9
TT,walker walk,42,38000,202.2
TT,walker walk,42,39000,229.5
TT,walker walk,42,40000,197.3
TT,walker walk,42,41000,172.2
TT,walker walk,42,42000,234.3
TT,walker walk,42,43000,191.5
TT,walker walk,42,44000,224.0
TT,walker walk,42,45000,285.3
TT,walker walk,42,46000,237.5
TT,walker walk,42,47000,262.7
TT,walker walk,42,48000,219.0
TT,walker walk,42,49000,263.6
TT,walker walk,42,50000,297.2
TT,walker walk,42,51000,232.6
TT,walker walk,42,52000,217.7
TT,walker walk,42,53000,266.6
TT,walker walk,42,54000,261.1
TT,walker walk,42,55000,206.3
TT,walker walk,42,56000,233.7
TT,walker walk,42,57000,295.8
TT,walker walk,42,58000,244.2
TT,walker walk,42,59000,265.9
TT,walker walk,42,60000,266.2
TT,walker walk,42,61000,266.3
TT,walker walk,42,62000,254.8
TT,walker walk,42,63000,207.9
TT,walker walk,42,64000,230.2
TT,walker walk,42,65000,312.1
TT,walker walk,42,66000,236.7
TT,walker walk,42,67000,326.7
TT,walker walk,42,68000,232.0
TT,walker walk,42,69000,284.6
TT,walker walk,42,70000,272.5
TT,walker walk,42,71000,287.4
TT,walker walk,42,72000,330.7
TT,walker walk,42,73000,337.3
TT,walker walk,42,74000,266.5
TT,walker walk,42,75000,294.9
TT,walker walk,42,76000,240.8
TT,walker walk,42,77000,317.6
TT,walker walk,42,78000,275.0
TT,walker walk,42,79000,264.6
TT,walker walk,42,80000,351.3
TT,walker walk,42,81000,289.1
TT,walker walk,42,82000,344.1
TT,walker walk,42,83000,335.8
TT,walker walk,42,84000,350.5
TT,walker walk,42,85000,372.2
TT,walker walk,42,86000,342.3
TT,walker walk,42,87000,369.8
TT,walker walk,42,88000,387.4
TT,walker walk,42,89000,335.4
TT,walker walk,42,90000,345.7
TT,walker walk,42,91000,239.4
TT,walker walk,42,92000,284.6
TT,walker walk,42,93000,306.4
TT,walker walk,42,94000,314.9
TT,walker walk,42,95000,439.9
TT,walker walk,42,96000,387.6
TT,walker walk,42,97000,345.6
TT,walker walk,42,98000,339.9
TT,walker walk,42,99000,345.4
TT,walker walk,42,100000,365.8
TT,walker walk,42,101000,291.0
TT,walker walk,42,102000,321.2
TT,walker walk,42,103000,328.9
TT,walker walk,42,104000,312.4
TT,walker walk,42,105000,352.9
TT,walker walk,42,106000,365.2
TT,walker walk,42,107000,358.2
TT,walker walk,42,108000,384.5
TT,walker walk,42,109000,283.6
TT,walker walk,42,110000,418.9
TT,walker walk,42,111000,429.4
TT,walker walk,42,112000,389.6
TT,walker walk,42,113000,381.2
TT,walker walk,42,114000,390.5
TT,walker walk,42,115000,351.8
TT,walker walk,42,116000,373.1
TT,walker walk,42,117000,370.5
TT,walker walk,42,118000,336.8
TT,walker walk,42,119000,388.1
TT,walker walk,42,120000,387.6
TT,walker walk,42,121000,450.1
TT,walker walk,42,122000,386.1
TT,walker walk,42,123000,282.2
TT,walker walk,42,124000,388.0
TT,walker walk,42,125000,374.1
TT,walker walk,42,126000,420.3
TT,walker walk,42,127000,477.3
TT,walker walk,42,128000,430.2
TT,walker walk,42,129000,353.6
TT,walker walk,42,130000,452.5
TT,walker walk,42,131000,459.0
TT,walker walk,42,132000,488.7
TT,walker walk,42,133000,478.8
TT,walker walk,42,134000,528.7
TT,walker walk,42,135000,444.0
TT,walker walk,42,136000,396.1
TT,walker walk,42,137000,577.2
TT,walker walk,42,138000,570.4
TT,walker walk,42,139000,440.1
TT,walker walk,42,140000,431.5
TT,walker walk,42,141000,469.6
TT,walker walk,42,142000,499.9
TT,walker walk,42,143000,504.8
TT,walker walk,42,144000,499.7
TT,walker walk,42,145000,453.4
TT,walker walk,42,146000,488.6
TT,walker walk,42,147000,501.1
TT,walker walk,42,148000,467.7
TT,walker walk,42,149000,529.6
TT,walker walk,42,150000,513.2
TT,walker walk,42,151000,497.7
TT,walker walk,42,152000,447.2
TT,walker walk,42,153000,537.5
TT,walker walk,42,154000,541.9
TT,walker walk,42,155000,414.1
TT,walker walk,42,156000,436.6
TT,walker walk,42,157000,514.8
TT,walker walk,42,158000,511.9
TT,walker walk,42,159000,565.3
TT,walker walk,42,160000,507.9
TT,walker walk,42,161000,429.4
TT,walker walk,42,162000,516.1
TT,walker walk,42,163000,501.1
TT,walker walk,42,164000,481.3
TT,walker walk,42,165000,447.0
TT,walker walk,42,166000,475.2
TT,walker walk,42,167000,524.6
TT,walker walk,42,168000,478.7
TT,walker walk,42,169000,547.0
TT,walker walk,42,170000,393.1
TT,walker walk,42,171000,560.2
TT,walker walk,42,172000,504.9
TT,walker walk,42,173000,483.5
TT,walker walk,42,174000,621.6
TT,walker walk,42,175000,556.9
TT,walker walk,42,176000,513.7
TT,walker walk,42,177000,571.9
TT,walker walk,42,178000,451.4
TT,walker walk,42,179000,621.6
TT,walker walk,42,180000,572.5
TT,walker walk,42,181000,570.1
TT,walker walk,42,182000,515.9
TT,walker walk,42,183000,664.0
TT,walker walk,42,184000,635.6
TT,walker walk,42,185000,578.7
TT,walker walk,42,186000,522.2
TT,walker walk,42,187000,555.3
TT,walker walk,42,188000,713.6
TT,walker walk,42,189000,655.9
TT,walker walk,42,190000,615.8
TT,walker walk,42,191000,634.1
TT,walker walk,42,192000,643.5
TT,walker walk,42,193000,532.2
TT,walker walk,42,194000,689.0
TT,walker walk,42,195000,764.1
TT,walker walk,42,196000,575.3
TT,walker walk,42,197000,645.4
TT,walker walk,42,198000,709.3
TT,walker walk,42,199000,658.3
TT,walker walk,42,200000,629.2
TT,walker walk,42,201000,757.7
TT,walker walk,42,202000,679.2
TT,walker walk,42,203000,668.8
TT,walker walk,42,204000,739.0
TT,walker walk,42,205000,697.4
TT,walker walk,42,206000,697.9
TT,walker walk,42,207000,608.8
TT,walker walk,42,208000,642.5
TT,walker walk,42,209000,629.5
TT,walker walk,42,210000,755.9
TT,walker walk,42,211000,671.5
TT,walker walk,42,212000,819.4
TT,walker walk,42,213000,782.5
TT,walker walk,42,214000,790.6
TT,walker walk,42,215000,753.8
TT,walker walk,42,216000,796.6
TT,walker walk,42,217000,729.5
TT,walker walk,42,218000,613.9
TT,walker walk,42,219000,697.8
TT,walker walk,42,220000,775.7
TT,walker walk,42,221000,754.6
TT,walker walk,42,222000,733.1
TT,walker walk,42,223000,731.9
TT,walker walk,42,224000,762.5
TT,walker walk,42,225000,735.6
TT,walker walk,42,226000,770.9
TT,walker walk,42,227000,746.8
TT,walker walk,42,228000,723.7
TT,walker walk,42,229000,826.3
TT,walker walk,42,230000,704.4
TT,walker walk,42,231000,642.0
TT,walker walk,42,232000,719.0
TT,walker walk,42,233000,785.9
TT,walker walk,42,234000,797.9
TT,walker walk,42,235000,657.2
TT,walker walk,42,236000,814.0
TT,walker walk,42,237000,740.5
TT,walker walk,42,238000,784.7
TT,walker walk,42,239000,766.1
TT,walker walk,42,240000,751.9
TT,walker walk,42,241000,778.3
TT,walker walk,42,242000,766.8
TT,walker walk,42,243000,796.2
TT,walker walk,42,244000,820.0
TT,walker walk,42,245000,878.0
TT,walker walk,42,246000,888.7
TT,walker walk,42,247000,771.5
TT,walker walk,42,248000,724.1
TT,walker walk,42,249000,811.9
TT,walker walk,42,250000,854.3
TT,walker walk,42,251000,885.5
TT,walker walk,42,252000,911.2
TT,walker walk,42,253000,873.4
TT,walker walk,42,254000,864.4
TT,walker walk,42,255000,821.4
TT,walker walk,42,256000,863.4
TT,walker walk,42,257000,811.9
TT,walker walk,42,258000,845.9
TT,walker walk,42,259000,922.3
TT,walker walk,42,260000,813.8
TT,walker walk,42,261000,865.9
TT,walker walk,42,262000,869.7
TT,walker walk,42,263000,802.3
TT,walker walk,42,264000,862.7
TT,walker walk,42,265000,845.1
TT,walker walk,42,266000,838.6
TT,walker walk,42,267000,819.3
TT,walker walk,42,268000,912.5
TT,walker walk,42,269000,754.9
TT,walker walk,42,270000,895.8
TT,walker walk,42,271000,859.5
TT,walker walk,42,272000,922.6
TT,walker walk,42,273000,848.7
TT,walker walk,42,274000,840.7
TT,walker walk,42,275000,917.7
TT,walker walk,42,276000,858.2
TT,walker walk,42,277000,931.9
TT,walker walk,42,278000,857.8
TT,walker walk,42,279000,928.4
TT,walker walk,42,280000,878.3
TT,walker walk,42,281000,832.2
TT,walker walk,42,282000,862.6
TT,walker walk,42,283000,851.1
TT,walker walk,42,284000,915.8
TT,walker walk,42,285000,906.9
TT,walker walk,42,286000,873.3
TT,walker walk,42,287000,857.4
TT,walker walk,42,288000,932.4
TT,walker walk,42,289000,906.2
TT,walker walk,42,290000,920.3
TT,walker walk,42,291000,920.7
TT,walker walk,42,292000,866.8
TT,walker walk,42,293000,777.0
TT,walker walk,42,294000,864.8
TT,walker walk,42,295000,928.7
TT,walker walk,42,296000,864.6
TT,walker walk,42,297000,929.8
TT,walker walk,42,298000,792.2
TT,walker walk,42,299000,872.4
TT,walker walk,42,300000,916.0
TT,walker walk,42,301000,875.1
TT,walker walk,42,302000,775.7
TT,walker walk,42,303000,852.3
TT,walker walk,42,304000,911.6
TT,walker walk,42,305000,784.8
TT,walker walk,42,306000,916.7
TT,walker walk,42,307000,928.4
TT,walker walk,42,308000,932.8
TT,walker walk,42,309000,885.1
BL,walker walk,123,4000,65.3
BL,walker walk,123,4001,38.1
BL,walker walk,123,4002,70.3
BL,walker walk,123,4003,35.5
BL,walker walk,123,8000,70.2
BL,walker walk,123,8001,54.5
BL,walker walk,123,8002,59.0
BL,walker walk,123,8003,52.1
BL,walker walk,123,12000,57.8
BL,walker walk,123,12001,57.0
BL,walker walk,123,12002,61.9
BL,walker walk,123,12003,67.4
BL,walker walk,123,16000,100.5
BL,walker walk,123,16001,76.2
BL,walker walk,123,16002,83.8
BL,walker walk,123,16003,69.5
BL,walker walk,123,20000,139.2
BL,walker walk,123,20001,137.4
BL,walker walk,123,20002,141.9
BL,walker walk,123,20003,116.4
BL,walker walk,123,24000,147.1
BL,walker walk,123,24001,148.6
BL,walker walk,123,24002,138.0
BL,walker walk,123,24003,132.1
BL,walker walk,123,28000,167.8
BL,walker walk,123,28001,163.9
BL,walker walk,123,28002,169.5
BL,walker walk,123,28003,159.4
BL,walker walk,123,32000,193.1
BL,walker walk,123,32001,166.0
BL,walker walk,123,32002,166.6
BL,walker walk,123,32003,167.3
BL,walker walk,123,36000,187.6
BL,walker walk,123,36001,183.3
BL,walker walk,123,36002,185.5
BL,walker walk,123,36003,175.5
BL,walker walk,123,40000,178.3
BL,walker walk,123,40001,183.6
BL,walker walk,123,40002,242.7
BL,walker walk,123,40003,186.3
BL,walker walk,123,44000,102.8
BL,walker walk,123,44001,186.7
BL,walker walk,123,44002,178.9
BL,walker walk,123,44003,198.3
BL,walker walk,123,48000,139.8
BL,walker walk,123,48001,174.3
BL,walker walk,123,48002,162.6
BL,walker walk,123,48003,142.0
BL,walker walk,123,52000,262.9
BL,walker walk,123,52001,208.6
BL,walker walk,123,52002,159.3
BL,walker walk,123,52003,141.9
BL,walker walk,123,56000,145.9
BL,walker walk,123,56001,130.0
BL,walker walk,123,56002,169.7
BL,walker walk,123,56003,145.8
BL,walker walk,123,60000,73.8
BL,walker walk,123,60001,161.9
BL,walker walk,123,60002,128.4
BL,walker walk,123,60003,138.1
BL,walker walk,123,64000,285.0
BL,walker walk,123,64001,190.5
BL,walker walk,123,64002,130.8
BL,walker walk,123,64003,237.2
BL,walker walk,123,68000,277.2
BL,walker walk,123,68001,273.5
BL,walker walk,123,68002,199.8
BL,walker walk,123,68003,273.2
BL,walker walk,123,72000,282.4
BL,walker walk,123,72001,331.1
BL,walker walk,123,72002,282.7
BL,walker walk,123,72003,348.7
BL,walker walk,123,76000,409.4
BL,walker walk,123,76001,363.0
BL,walker walk,123,76002,363.8
BL,walker walk,123,76003,408.9
BL,walker walk,123,80000,419.2
BL,walker walk,123,80001,388.9
BL,walker walk,123,80002,357.0
BL,walker walk,123,80003,450.6
BL,walker walk,123,84000,325.3
BL,walker walk,123,84001,429.3
BL,walker walk,123,84002,354.8
BL,walker walk,123,84003,457.4
BL,walker walk,123,88000,450.5
BL,walker walk,123,88001,361.8
BL,walker walk,123,88002,387.6
BL,walker walk,123,88003,425.0
BL,walker walk,123,92000,398.1
BL,walker walk,123,92001,455.4
BL,walker walk,123,92002,429.9
BL,walker walk,123,92003,429.0
BL,walker walk,123,96000,279.4
BL,walker walk,123,96001,394.1
BL,walker walk,123,96002,475.4
BL,walker walk,123,96003,420.2
BL,walker walk,123,100000,515.4
BL,walker walk,123,100001,464.9
BL,walker walk,123,100002,328.0
BL,walker walk,123,100003,454.7
BL,walker walk,123,104000,454.9
BL,walker walk,123,104001,422.8
BL,walker walk,123,104002,507.6
BL,walker walk,123,104003,476.0
BL,walker walk,123,108000,408.2
BL,walker walk,123,108001,461.4
BL,walker walk,123,108002,529.2
BL,walker walk,123,108003,551.9
BL,walker walk,123,112000,485.5
BL,walker walk,123,112001,585.1
BL,walker walk,123,112002,472.4
BL,walker walk,123,112003,459.5
BL,walker walk,123,116000,586.5
BL,walker walk,123,116001,517.7
BL,walker walk,123,116002,520.4
BL,walker walk,123,116003,621.1
BL,walker walk,123,120000,555.3
BL,walker walk,123,120001,451.2
BL,walker walk,123,120002,575.5
BL,walker walk,123,120003,482.6
BL,walker walk,123,124000,650.6
BL,walker walk,123,124001,481.2
BL,walker walk,123,124002,558.2
BL,walker walk,123,124003,544.9
BL,walker walk,123,128000,620.5
BL,walker walk,123,128001,527.0
BL,walker walk,123,128002,508.4
BL,walker walk,123,128003,597.8
BL,walker walk,123,132000,559.0
BL,walker walk,123,132001,596.8
BL,walker walk,123,132002,554.3
BL,walker walk,123,132003,550.0
BL,walker walk,123,136000,455.0
BL,walker walk,123,136001,641.4
BL,walker walk,123,136002,503.7
BL,walker walk,123,136003,640.1
BL,walker walk,123,140000,569.9
BL,walker walk,123,140001,575.0
BL,walker walk,123,140002,667.0
BL,walker walk,123,140003,706.0
BL,walker walk,123,144000,549.1
BL,walker walk,123,144001,637.3
BL,walker walk,123,144002,591.6
BL,walker walk,123,144003,676.6
BL,walker walk,123,148000,663.3
BL,walker walk,123,148001,588.3
BL,walker walk,123,148002,634.9
BL,walker walk,123,148003,735.0
BL,walker walk,123,152000,696.0
BL,walker walk,123,152001,708.6
BL,walker walk,123,152002,750.8
BL,walker walk,123,152003,662.6
BL,walker walk,123,156000,727.0
BL,walker walk,123,156001,707.0
BL,walker walk,123,156002,761.2
BL,walker walk,123,156003,681.3
BL,walker walk,123,160000,808.0
BL,walker walk,123,160001,768.9
BL,walker walk,123,160002,710.6
BL,walker walk,123,160003,758.5
BL,walker walk,123,164000,771.0
BL,walker walk,123,164001,760.8
BL,walker walk,123,164002,713.4
BL,walker walk,123,164003,740.5
BL,walker walk,123,168000,733.7
BL,walker walk,123,168001,807.3
BL,walker walk,123,168002,702.0
BL,walker walk,123,168003,601.1
BL,walker walk,123,172000,746.6
BL,walker walk,123,172001,661.2
BL,walker walk,123,172002,794.5
BL,walker walk,123,172003,792.4
BL,walker walk,123,176000,857.5
BL,walker walk,123,176001,590.1
BL,walker walk,123,176002,739.9
BL,walker walk,123,176003,848.3
BL,walker walk,123,180000,859.1
BL,walker walk,123,180001,884.2
BL,walker walk,123,180002,845.6
BL,walker walk,123,180003,789.9
BL,walker walk,123,184000,830.2
BL,walker walk,123,184001,833.6
BL,walker walk,123,184002,877.4
BL,walker walk,123,184003,755.2
BL,walker walk,123,188000,805.5
BL,walker walk,123,188001,802.6
BL,walker walk,123,188002,785.1
BL,walker walk,123,188003,748.8
BL,walker walk,123,192000,812.1
BL,walker walk,123,192001,912.6
BL,walker walk,123,192002,826.7
BL,walker walk,123,192003,841.3
BL,walker walk,123,196000,493.5
BL,walker walk,123,196001,811.8
BL,walker walk,123,196002,847.8
BL,walker walk,123,196003,570.4
BL,walker walk,123,200000,856.1
BL,walker walk,123,200001,876.8
BL,walker walk,123,200002,875.6
BL,walker walk,123,200003,795.9
BL,walker walk,123,204000,897.3
BL,walker walk,123,204001,884.6
BL,walker walk,123,204002,844.0
BL,walker walk,123,204003,924.0
BL,walker walk,123,208000,907.5
BL,walker walk,123,208001,816.6
BL,walker walk,123,208002,853.5
BL,walker walk,123,208003,820.5
BL,walker walk,123,212000,919.3
BL,walker walk,123,212001,911.8
BL,walker walk,123,212002,890.6
BL,walker walk,123,212003,738.5
BL,walker walk,123,216000,898.0
BL,walker walk,123,216001,815.7
BL,walker walk,123,216002,857.2
BL,walker walk,123,216003,813.9
BL,walker walk,123,220000,966.9
BL,walker walk,123,220001,953.5
BL,walker walk,123,220002,891.0
BL,walker walk,123,220003,957.9
BL,walker walk,123,224000,898.0
BL,walker walk,123,224001,953.3
BL,walker walk,123,224002,937.2
BL,walker walk,123,224003,919.1
BL,walker walk,123,228000,919.5
BL,walker walk,123,228001,954.2
BL,walker walk,123,228002,974.4
BL,walker walk,123,228003,932.4
BL,walker walk,123,232000,930.1
BL,walker walk,123,232001,911.6
BL,walker walk,123,232002,923.9
BL,walker walk,123,232003,906.0
BL,walker walk,123,236000,958.5
BL,walker walk,123,236001,884.7
BL,walker walk,123,236002,896.1
BL,walker walk,123,236003,917.4
BL,walker walk,123,240000,863.5
BL,walker walk,123,240001,972.1
BL,walker walk,123,240002,824.3
BL,walker walk,123,240003,933.9
BL,walker walk,123,244000,882.7
BL,walker walk,123,244001,863.6
BL,walker walk,123,244002,921.7
BL,walker walk,123,244003,954.7
BL,walker walk,123,248000,985.7
BL,walker walk,123,248001,923.0
BL,walker walk,123,248002,974.2
BL,walker walk,123,248003,937.2
BL,walker walk,123,252000,933.7
BL,walker walk,123,252001,900.5
BL,walker walk,123,252002,953.2
BL,walker walk,123,252003,866.7
BL,walker walk,123,256000,928.9
BL,walker walk,123,256001,924.8
BL,walker walk,123,256002,835.3
BL,walker walk,123,256003,963.4
BL,walker walk,123,260000,979.3
BL,walker walk,123,260001,925.4
BL,walker walk,123,260002,922.4
BL,walker walk,123,260003,913.4
BL,walker walk,123,264000,821.0
BL,walker walk,123,264001,981.1
BL,walker walk,123,264002,893.6
BL,walker walk,123,264003,938.3
BL,walker walk,123,268000,935.6
BL,walker walk,123,268001,934.2
BL,walker walk,123,268002,948.0
BL,walker walk,123,268003,927.1
BL,walker walk,123,272000,965.5
BL,walker walk,123,272001,974.9
BL,walker walk,123,272002,948.3
BL,walker walk,123,272003,922.3
BL,walker walk,123,276000,952.7
BL,walker walk,123,276001,961.4
BL,walker walk,123,276002,957.8
BL,walker walk,123,276003,951.8
BL,walker walk,123,280000,936.5
BL,walker walk,123,280001,947.3
BL,walker walk,123,280002,948.3
BL,walker walk,123,280003,891.6
BL,walker walk,123,284000,958.5
BL,walker walk,123,284001,911.7
BL,walker walk,123,284002,901.3
BL,walker walk,123,284003,900.6
BL,walker walk,123,288000,914.6
BL,walker walk,123,288001,909.0
BL,walker walk,123,288002,964.8
BL,walker walk,123,288003,950.5
BL,walker walk,123,292000,962.5
BL,walker walk,123,292001,981.7
BL,walker walk,123,292002,964.0
BL,walker walk,123,292003,681.4
BL,walker walk,123,296000,958.9
BL,walker walk,123,296001,912.3
BL,walker walk,123,296002,878.8
BL,walker walk,123,296003,923.7
BL,walker walk,123,300000,943.2
BL,walker walk,123,300001,931.7
BL,walker walk,123,300002,953.8
BL,walker walk,123,300003,940.9
BL,walker walk,123,304000,944.6
BL,walker walk,123,304001,956.0
BL,walker walk,123,304002,960.3
BL,walker walk,123,304003,951.3
BL,walker walk,123,308000,949.7
BL,walker walk,123,308001,941.7
BL,walker walk,123,308002,926.0
BL,walker walk,123,308003,914.6
TT,walker walk,123,1000,63.1
TT,walker walk,123,1000,43.6
TT,walker walk,123,1000,59.1
TT,walker walk,123,1000,37.4
TT,walker walk,123,2000,46.6
TT,walker walk,123,2000,61.4
TT,walker walk,123,2000,60.2
TT,walker walk,123,2000,89.7
TT,walker walk,123,3000,51.3
TT,walker walk,123,3000,60.5
TT,walker walk,123,3000,31.2
TT,walker walk,123,3000,73.4
TT,walker walk,123,4000,50.7
TT,walker walk,123,4000,27.9
TT,walker walk,123,4000,35.2
TT,walker walk,123,4000,31.2
TT,walker walk,123,5000,28.8
TT,walker walk,123,5000,48.6
TT,walker walk,123,5000,40.0
TT,walker walk,123,5000,36.5
TT,walker walk,123,6000,58.7
TT,walker walk,123,6000,41.2
TT,walker walk,123,6000,26.8
TT,walker walk,123,6000,88.0
TT,walker walk,123,7000,91.8
TT,walker walk,123,7000,39.7
TT,walker walk,123,7000,110.5
TT,walker walk,123,7000,47.6
TT,walker walk,123,8000,105.1
TT,walker walk,123,8000,55.9
TT,walker walk,123,8000,108.5
TT,walker walk,123,8000,86.2
TT,walker walk,123,9000,43.3
TT,walker walk,123,9000,46.6
TT,walker walk,123,9000,101.0
TT,walker walk,123,9000,75.2
TT,walker walk,123,10000,77.1
TT,walker walk,123,10000,45.5
TT,walker walk,123,10000,82.4
TT,walker walk,123,10000,109.2
TT,walker walk,123,11000,31.1
TT,walker walk,123,11000,27.2
TT,walker walk,123,11000,133.3
TT,walker walk,123,11000,98.3
TT,walker walk,123,12000,59.5
TT,walker walk,123,12000,54.6
TT,walker walk,123,12000,89.3
TT,walker walk,123,12000,70.5
TT,walker walk,123,13000,183.2
TT,walker walk,123,13000,102.4
TT,walker walk,123,13000,153.6
TT,walker walk,123,13000,36.0
TT,walker walk,123,14000,55.1
TT,walker walk,123,14000,31.3
TT,walker walk,123,14000,141.1
TT,walker walk,123,14000,50.0
TT,walker walk,123,15000,40.1
TT,walker walk,123,15000,94.3
TT,walker walk,123,15000,42.0
TT,walker walk,123,15000,79.0
TT,walker walk,123,16000,124.7
TT,walker walk,123,16000,117.2
TT,walker walk,123,16000,114.2
TT,walker walk,123,16000,27.6
TT,walker walk,123,17000,34.5
TT,walker walk,123,17000,51.0
TT,walker walk,123,17000,144.5
TT,walker walk,123,17000,43.5
TT,walker walk,123,18000,176.6
TT,walker walk,123,18000,122.1
TT,walker walk,123,18000,114.8
TT,walker walk,123,18000,93.5
TT,walker walk,123,19000,39.7
TT,walker walk,123,19000,109.2
TT,walker walk,123,19000,53.2
TT,walker walk,123,19000,197.7
TT,walker walk,123,20000,70.0
TT,walker walk,123,20000,139.3
TT,walker walk,123,20000,88.1
TT,walker walk,123,20000,44.3
TT,walker walk,123,21000,28.0
TT,walker walk,123,21000,177.4
TT,walker walk,123,21000,161.7
TT,walker walk,123,21000,105.4
TT,walker walk,123,22000,47.9
TT,walker walk,123,22000,157.3
TT,walker walk,123,22000,168.1
TT,walker walk,123,22000,52.1
TT,walker walk,123,23000,174.1
TT,walker walk,123,23000,172.6
TT,walker walk,123,23000,140.8
TT,walker walk,123,23000,209.5
TT,walker walk,123,24000,178.0
TT,walker walk,123,24000,181.3
TT,walker walk,123,24000,250.0
TT,walker walk,123,24000,164.4
TT,walker walk,123,25000,153.6
TT,walker walk,123,25000,179.5
TT,walker walk,123,25000,121.7
TT,walker walk,123,25000,129.2
TT,walker walk,123,26000,145.6
TT,walker walk,123,26000,172.9
TT,walker walk,123,26000,152.3
TT,walker walk,123,26000,178.2
TT,walker walk,123,27000,159.4
TT,walker walk,123,27000,230.1
TT,walker walk,123,27000,191.9
TT,walker walk,123,27000,143.7
TT,walker walk,123,28000,209.3
TT,walker walk,123,28000,172.0
TT,walker walk,123,28000,191.2
TT,walker walk,123,28000,220.9
TT,walker walk,123,29000,95.7
TT,walker walk,123,29000,273.5
TT,walker walk,123,29000,177.2
TT,walker walk,123,29000,124.2
TT,walker walk,123,30000,205.1
TT,walker walk,123,30000,318.3
TT,walker walk,123,30000,163.1
TT,walker walk,123,30000,253.0
TT,walker walk,123,31000,202.1
TT,walker walk,123,31000,224.8
TT,walker walk,123,31000,118.3
TT,walker walk,123,31000,276.9
TT,walker walk,123,32000,35.6
TT,walker walk,123,32000,140.8
TT,walker walk,123,32000,186.4
TT,walker walk,123,32000,233.9
TT,walker walk,123,33000,182.5
TT,walker walk,123,33000,177.3
TT,walker walk,123,33000,217.8
TT,walker walk,123,33000,282.2
TT,walker walk,123,34000,114.1
TT,walker walk,123,34000,175.0
TT,walker walk,123,34000,222.7
TT,walker walk,123,34000,227.5
TT,walker walk,123,35000,140.1
TT,walker walk,123,35000,234.8
TT,walker walk,123,35000,182.6
TT,walker walk,123,35000,199.9
TT,walker walk,123,36000,215.1
TT,walker walk,123,36000,222.9
TT,walker walk,123,36000,177.4
TT,walker walk,123,36000,326.4
TT,walker walk,123,37000,131.3
TT,walker walk,123,37000,344.3
TT,walker walk,123,37000,225.0
TT,walker walk,123,37000,288.6
TT,walker walk,123,38000,100.4
TT,walker walk,123,38000,309.8
TT,walker walk,123,38000,143.1
TT,walker walk,123,38000,248.6
TT,walker walk,123,39000,147.2
TT,walker walk,123,39000,338.5
TT,walker walk,123,39000,252.6
TT,walker walk,123,39000,197.3
TT,walker walk,123,40000,191.0
TT,walker walk,123,40000,326.4
TT,walker walk,123,40000,184.3
TT,walker walk,123,40000,249.7
TT,walker walk,123,41000,211.2
TT,walker walk,123,41000,180.1
TT,walker walk,123,41000,151.4
TT,walker walk,123,41000,229.7
TT,walker walk,123,42000,211.4
TT,walker walk,123,42000,322.8
TT,walker walk,123,42000,157.8
TT,walker walk,123,42000,346.6
TT,walker walk,123,43000,227.4
TT,walker walk,123,43000,451.7
TT,walker walk,123,43000,144.7
TT,walker walk,123,43000,271.8
TT,walker walk,123,44000,204.2
TT,walker walk,123,44000,235.3
TT,walker walk,123,44000,221.2
TT,walker walk,123,44000,298.9
TT,walker walk,123,45000,196.0
TT,walker walk,123,45000,281.3
TT,walker walk,123,45000,199.7
TT,walker walk,123,45000,224.6
TT,walker walk,123,46000,210.9
TT,walker walk,123,46000,446.9
TT,walker walk,123,46000,342.4
TT,walker walk,123,46000,191.4
TT,walker walk,123,47000,229.2
TT,walker walk,123,47000,490.2
TT,walker walk,123,47000,271.0
TT,walker walk,123,47000,413.7
TT,walker walk,123,48000,270.7
TT,walker walk,123,48000,309.9
TT,walker walk,123,48000,323.1
TT,walker walk,123,48000,264.8
TT,walker walk,123,49000,253.9
TT,walker walk,123,49000,510.9
TT,walker walk,123,49000,232.0
TT,walker walk,123,49000,351.0
TT,walker walk,123,50000,235.4
TT,walker walk,123,50000,249.2
TT,walker walk,123,50000,197.3
TT,walker walk,123,50000,395.9
TT,walker walk,123,51000,147.7
TT,walker walk,123,51000,401.9
TT,walker walk,123,51000,195.5
TT,walker walk,123,51000,346.5
TT,walker walk,123,52000,343.0
TT,walker walk,123,52000,338.1
TT,walker walk,123,52000,238.6
TT,walker walk,123,52000,201.3
TT,walker walk,123,53000,298.8
TT,walker walk,123,53000,454.2
TT,walker walk,123,53000,263.2
TT,walker walk,123,53000,284.9
TT,walker walk,123,54000,300.0
TT,walker walk,123,54000,300.7
TT,walker walk,123,54000,224.3
TT,walker walk,123,54000,350.2
TT,walker walk,123,55000,296.9
TT,walker walk,123,55000,445.7
TT,walker walk,123,55000,292.6
TT,walker walk,123,55000,376.1
TT,walker walk,123,56000,230.2
TT,walker walk,123,56000,452.1
TT,walker walk,123,56000,259.9
TT,walker walk,123,56000,373.2
TT,walker walk,123,57000,194.1
TT,walker walk,123,57000,325.8
TT,walker walk,123,57000,208.7
TT,walker walk,123,57000,391.8
TT,walker walk,123,58000,276.1
TT,walker walk,123,58000,376.7
TT,walker walk,123,58000,224.8
TT,walker walk,123,58000,211.0
TT,walker walk,123,59000,369.1
TT,walker walk,123,59000,343.7
TT,walker walk,123,59000,214.4
TT,walker walk,123,59000,241.6
TT,walker walk,123,60000,331.1
TT,walker walk,123,60000,420.6
TT,walker walk,123,60000,333.9
TT,walker walk,123,60000,401.0
TT,walker walk,123,61000,351.7
TT,walker walk,123,61000,272.3
TT,walker walk,123,61000,216.8
TT,walker walk,123,61000,167.6
TT,walker walk,123,62000,305.2
TT,walker walk,123,62000,344.5
TT,walker walk,123,62000,238.2
TT,walker walk,123,62000,405.8
TT,walker walk,123,63000,361.3
TT,walker walk,123,63000,412.4
TT,walker walk,123,63000,211.3
TT,walker walk,123,63000,144.9
TT,walker walk,123,64000,331.8
TT,walker walk,123,64000,468.4
TT,walker walk,123,64000,304.0
TT,walker walk,123,64000,347.7
TT,walker walk,123,65000,301.6
TT,walker walk,123,65000,408.2
TT,walker walk,123,65000,226.1
TT,walker walk,123,65000,201.1
TT,walker walk,123,66000,297.3
TT,walker walk,123,66000,504.9
TT,walker walk,123,66000,280.8
TT,walker walk,123,66000,542.8
TT,walker walk,123,67000,265.0
TT,walker walk,123,67000,420.6
TT,walker walk,123,67000,230.4
TT,walker walk,123,67000,291.6
TT,walker walk,123,68000,341.3
TT,walker walk,123,68000,478.6
TT,walker walk,123,68000,241.3
TT,walker walk,123,68000,335.8
TT,walker walk,123,69000,350.6
TT,walker walk,123,69000,533.3
TT,walker walk,123,69000,268.2
TT,walker walk,123,69000,358.6
TT,walker walk,123,70000,383.6
TT,walker walk,123,70000,557.1
TT,walker walk,123,70000,305.0
TT,walker walk,123,70000,514.3
TT,walker walk,123,71000,388.5
TT,walker walk,123,71000,430.7
TT,walker walk,123,71000,254.1
TT,walker walk,123,71000,233.2
TT,walker walk,123,72000,400.4
TT,walker walk,123,72000,570.5
TT,walker walk,123,72000,312.2
TT,walker walk,123,72000,542.2
TT,walker walk,123,73000,315.6
TT,walker walk,123,73000,608.5
TT,walker walk,123,73000,263.1
TT,walker walk,123,73000,481.0
TT,walker walk,123,74000,381.4
TT,walker walk,123,74000,545.9
TT,walker walk,123,74000,287.3
TT,walker walk,123,74000,497.9
TT,walker walk,123,75000,345.3
TT,walker walk,123,75000,584.1
TT,walker walk,123,75000,205.8
TT,walker walk,123,75000,475.8
TT,walker walk,123,76000,282.5
TT,walker walk,123,76000,486.4
TT,walker walk,123,76000,290.2
TT,walker walk,123,76000,441.9
TT,walker walk,123,77000,372.4
TT,walker walk,123,77000,594.0
TT,walker walk,123,77000,291.8
TT,walker walk,123,77000,313.3
TT,walker walk,123,78000,457.2
TT,walker walk,123,78000,607.1
TT,walker walk,123,78000,264.8
TT,walker walk,123,78000,515.0
TT,walker walk,123,79000,459.5
TT,walker walk,123,79000,587.7
TT,walker walk,123,79000,278.3
TT,walker walk,123,79000,495.5
TT,walker walk,123,80000,415.3
TT,walker walk,123,80000,529.3
TT,walker walk,123,80000,288.5
TT,walker walk,123,80000,622.5
TT,walker walk,123,81000,354.8
TT,walker walk,123,81000,606.4
TT,walker walk,123,81000,295.5
TT,walker walk,123,81000,570.8
TT,walker walk,123,82000,395.5
TT,walker walk,123,82000,555.9
TT,walker walk,123,82000,335.6
TT,walker walk,123,82000,552.4
TT,walker walk,123,83000,231.3
TT,walker walk,123,83000,519.1
TT,walker walk,123,83000,329.6
TT,walker walk,123,83000,609.9
TT,walker walk,123,84000,506.2
TT,walker walk,123,84000,516.2
TT,walker walk,123,84000,268.8
TT,walker walk,123,84000,526.3
TT,walker walk,123,85000,370.9
TT,walker walk,123,85000,531.2
TT,walker walk,123,85000,365.2
TT,walker walk,123,85000,756.1
TT,walker walk,123,86000,453.1
TT,walker walk,123,86000,578.3
TT,walker walk,123,86000,290.6
TT,walker walk,123,86000,513.3
TT,walker walk,123,87000,466.5
TT,walker walk,123,87000,634.9
TT,walker walk,123,87000,336.4
TT,walker walk,123,87000,407.1
TT,walker walk,123,88000,446.1
TT,walker walk,123,88000,575.2
TT,walker walk,123,88000,336.7
TT,walker walk,123,88000,495.3
TT,walker walk,123,89000,473.5
TT,walker walk,123,89000,647.8
TT,walker walk,123,89000,282.4
TT,walker walk,123,89000,555.0
TT,walker walk,123,90000,477.3
TT,walker walk,123,90000,512.5
TT,walker walk,123,90000,371.8
TT,walker walk,123,90000,585.9
TT,walker walk,123,91000,321.5
TT,walker walk,123,91000,589.7
TT,walker walk,123,91000,358.9
TT,walker walk,123,91000,553.7
TT,walker walk,123,92000,454.6
TT,walker walk,123,92000,599.2
TT,walker walk,123,92000,272.6
TT,walker walk,123,92000,628.6
TT,walker walk,123,93000,546.6
TT,walker walk,123,93000,672.4
TT,walker walk,123,93000,325.4
TT,walker walk,123,93000,500.6
TT,walker walk,123,94000,523.9
TT,walker walk,123,94000,594.9
TT,walker walk,123,94000,309.4
TT,walker walk,123,94000,616.5
TT,walker walk,123,95000,597.7
TT,walker walk,123,95000,591.3
TT,walker walk,123,95000,358.5
TT,walker walk,123,95000,690.2
TT,walker walk,123,96000,491.5
TT,walker walk,123,96000,639.1
TT,walker walk,123,96000,352.9
TT,walker walk,123,96000,628.5
TT,walker walk,123,97000,437.5
TT,walker walk,123,97000,692.5
TT,walker walk,123,97000,346.5
TT,walker walk,123,97000,513.6
TT,walker walk,123,98000,528.0
TT,walker walk,123,98000,749.7
TT,walker walk,123,98000,383.9
TT,walker walk,123,98000,620.1
TT,walker walk,123,99000,510.1
TT,walker walk,123,99000,739.1
TT,walker walk,123,99000,391.1
TT,walker walk,123,99000,634.8
TT,walker walk,123,100000,555.0
TT,walker walk,123,100000,722.7
TT,walker walk,123,100000,345.4
TT,walker walk,123,100000,631.2
TT,walker walk,123,101000,610.6
TT,walker walk,123,101000,618.2
TT,walker walk,123,101000,375.8
TT,walker walk,123,101000,687.9
TT,walker walk,123,102000,542.6
TT,walker walk,123,102000,649.1
TT,walker walk,123,102000,385.8
TT,walker walk,123,102000,664.6
TT,walker walk,123,103000,554.3
TT,walker walk,123,103000,689.0
TT,walker walk,123,103000,356.3
TT,walker walk,123,103000,545.8
TT,walker walk,123,104000,687.0
TT,walker walk,123,104000,612.4
TT,walker walk,123,104000,396.0
TT,walker walk,123,104000,774.5
TT,walker walk,123,105000,618.5
TT,walker walk,123,105000,794.0
TT,walker walk,123,105000,370.9
TT,walker walk,123,105000,636.4
TT,walker walk,123,106000,659.3
TT,walker walk,123,106000,824.0
TT,walker walk,123,106000,373.6
TT,walker walk,123,106000,507.3
TT,walker walk,123,107000,418.1
TT,walker walk,123,107000,715.2
TT,walker walk,123,107000,403.0
TT,walker walk,123,107000,563.0
TT,walker walk,123,108000,654.5
TT,walker walk,123,108000,733.2
TT,walker walk,123,108000,414.6
TT,walker walk,123,108000,607.4
TT,walker walk,123,109000,665.1
TT,walker walk,123,109000,746.0
TT,walker walk,123,109000,374.2
TT,walker walk,123,109000,679.5
TT,walker walk,123,110000,692.1
TT,walker walk,123,110000,860.5
TT,walker walk,123,110000,430.6
TT,walker walk,123,110000,697.2
TT,walker walk,123,111000,629.8
TT,walker walk,123,111000,709.4
TT,walker walk,123,111000,437.3
TT,walker walk,123,111000,669.0
TT,walker walk,123,112000,576.1
TT,walker walk,123,112000,752.9
TT,walker walk,123,112000,452.0
TT,walker walk,123,112000,605.2
TT,walker walk,123,113000,677.6
TT,walker walk,123,113000,791.3
TT,walker walk,123,113000,435.9
TT,walker walk,123,113000,515.6
TT,walker walk,123,114000,591.4
TT,walker walk,123,114000,654.7
TT,walker walk,123,114000,427.1
TT,walker walk,123,114000,619.7
TT,walker walk,123,115000,777.8
TT,walker walk,123,115000,894.0
TT,walker walk,123,115000,485.0
TT,walker walk,123,115000,787.4
TT,walker walk,123,116000,749.1
TT,walker walk,123,116000,821.7
TT,walker walk,123,116000,483.4
TT,walker walk,123,116000,610.4
TT,walker walk,123,117000,714.1
TT,walker walk,123,117000,664.3
TT,walker walk,123,117000,483.8
TT,walker walk,123,117000,593.7
TT,walker walk,123,118000,839.4
TT,walker walk,123,118000,689.3
TT,walker walk,123,118000,475.1
TT,walker walk,123,118000,675.4
TT,walker walk,123,119000,771.0
TT,walker walk,123,119000,673.7
TT,walker walk,123,119000,319.2
TT,walker walk,123,119000,712.9
TT,walker walk,123,120000,747.0
TT,walker walk,123,120000,825.9
TT,walker walk,123,120000,459.5
TT,walker walk,123,120000,637.5
TT,walker walk,123,121000,805.2
TT,walker walk,123,121000,871.3
TT,walker walk,123,121000,489.0
TT,walker walk,123,121000,625.2
TT,walker walk,123,122000,787.7
TT,walker walk,123,122000,847.9
TT,walker walk,123,122000,530.8
TT,walker walk,123,122000,650.1
TT,walker walk,123,123000,714.3
TT,walker walk,123,123000,797.2
TT,walker walk,123,123000,483.9
TT,walker walk,123,123000,716.7
TT,walker walk,123,124000,669.4
TT,walker walk,123,124000,821.8
TT,walker walk,123,124000,497.0
TT,walker walk,123,124000,730.4
TT,walker walk,123,125000,795.2
TT,walker walk,123,125000,843.1
TT,walker walk,123,125000,502.3
TT,walker walk,123,125000,752.7
TT,walker walk,123,126000,811.3
TT,walker walk,123,126000,949.1
TT,walker walk,123,126000,398.3
TT,walker walk,123,126000,751.2
TT,walker walk,123,127000,863.4
TT,walker walk,123,127000,877.7
TT,walker walk,123,127000,510.6
TT,walker walk,123,127000,662.9
TT,walker walk,123,128000,865.4
TT,walker walk,123,128000,846.3
TT,walker walk,123,128000,506.1
TT,walker walk,123,128000,610.1
TT,walker walk,123,129000,838.1
TT,walker walk,123,129000,901.7
TT,walker walk,123,129000,427.1
TT,walker walk,123,129000,743.5
TT,walker walk,123,130000,870.6
TT,walker walk,123,130000,898.9
TT,walker walk,123,130000,534.4
TT,walker walk,123,130000,777.6
TT,walker walk,123,131000,927.7
TT,walker walk,123,131000,910.2
TT,walker walk,123,131000,554.1
TT,walker walk,123,131000,784.1
TT,walker walk,123,132000,945.2
TT,walker walk,123,132000,937.9
TT,walker walk,123,132000,536.1
TT,walker walk,123,132000,667.3
TT,walker walk,123,133000,859.6
TT,walker walk,123,133000,923.8
TT,walker walk,123,133000,507.4
TT,walker walk,123,133000,671.3
TT,walker walk,123,134000,883.1
TT,walker walk,123,134000,822.9
TT,walker walk,123,134000,532.8
TT,walker walk,123,134000,748.7
TT,walker walk,123,135000,889.2
TT,walker walk,123,135000,831.1
TT,walker walk,123,135000,478.3
TT,walker walk,123,135000,786.2
TT,walker walk,123,136000,884.1
TT,walker walk,123,136000,758.0
TT,walker walk,123,136000,466.9
TT,walker walk,123,136000,752.5
TT,walker walk,123,137000,874.3
TT,walker walk,123,137000,932.0
TT,walker walk,123,137000,491.9
TT,walker walk,123,137000,675.1
TT,walker walk,123,138000,934.9
TT,walker walk,123,138000,835.5
TT,walker walk,123,138000,538.8
TT,walker walk,123,138000,675.7
TT,walker walk,123,139000,944.9
TT,walker walk,123,139000,940.1
TT,walker walk,123,139000,469.2
TT,walker walk,123,139000,852.2
TT,walker walk,123,140000,948.8
TT,walker walk,123,140000,818.8
TT,walker walk,123,140000,487.9
TT,walker walk,123,140000,705.5
TT,walker walk,123,141000,893.4
TT,walker walk,123,141000,949.9
TT,walker walk,123,141000,457.5
TT,walker walk,123,141000,834.1
TT,walker walk,123,142000,880.0
TT,walker walk,123,142000,745.9
TT,walker walk,123,142000,509.8
TT,walker walk,123,142000,794.8
TT,walker walk,123,143000,881.8
TT,walker walk,123,143000,924.6
TT,walker walk,123,143000,469.7
TT,walker walk,123,143000,791.2
TT,walker walk,123,144000,843.7
TT,walker walk,123,144000,871.2
TT,walker walk,123,144000,509.8
TT,walker walk,123,144000,801.7
TT,walker walk,123,145000,935.3
TT,walker walk,123,145000,909.1
TT,walker walk,123,145000,541.2
TT,walker walk,123,145000,742.8
TT,walker walk,123,146000,845.6
TT,walker walk,123,146000,888.3
TT,walker walk,123,146000,580.9
TT,walker walk,123,146000,826.7
TT,walker walk,123,147000,956.6
TT,walker walk,123,147000,904.8
TT,walker walk,123,147000,453.4
TT,walker walk,123,147000,625.5
TT,walker walk,123,148000,873.1
TT,walker walk,123,148000,933.1
TT,walker walk,123,148000,563.0
TT,walker walk,123,148000,775.3
TT,walker walk,123,149000,924.8
TT,walker walk,123,149000,783.4
TT,walker walk,123,149000,576.0
TT,walker walk,123,149000,751.7
TT,walker walk,123,150000,916.9
TT,walker walk,123,150000,964.4
TT,walker walk,123,150000,549.8
TT,walker walk,123,150000,810.6
TT,walker walk,123,151000,957.7
TT,walker walk,123,151000,932.1
TT,walker walk,123,151000,566.9
TT,walker walk,123,151000,882.9
TT,walker walk,123,152000,905.7
TT,walker walk,123,152000,850.4
TT,walker walk,123,152000,550.9
TT,walker walk,123,152000,663.8
TT,walker walk,123,153000,881.6
TT,walker walk,123,153000,946.8
TT,walker walk,123,153000,585.5
TT,walker walk,123,153000,848.5
TT,walker walk,123,154000,916.9
TT,walker walk,123,154000,940.9
TT,walker walk,123,154000,550.8
TT,walker walk,123,154000,700.1
TT,walker walk,123,155000,948.7
TT,walker walk,123,155000,864.6
TT,walker walk,123,155000,521.7
TT,walker walk,123,155000,800.8
TT,walker walk,123,156000,875.6
TT,walker walk,123,156000,903.6
TT,walker walk,123,156000,499.0
TT,walker walk,123,156000,740.3
TT,walker walk,123,157000,947.5
TT,walker walk,123,157000,949.7
TT,walker walk,123,157000,480.5
TT,walker walk,123,157000,758.7
TT,walker walk,123,158000,924.6
TT,walker walk,123,158000,932.4
TT,walker walk,123,158000,531.9
TT,walker walk,123,158000,771.8
TT,walker walk,123,159000,900.5
TT,walker walk,123,159000,932.0
TT,walker walk,123,159000,535.5
TT,walker walk,123,159000,872.0
TT,walker walk,123,160000,907.4
TT,walker walk,123,160000,941.2
TT,walker walk,123,160000,574.1
TT,walker walk,123,160000,802.9
TT,walker walk,123,161000,919.8
TT,walker walk,123,161000,951.5
TT,walker walk,123,161000,530.5
TT,walker walk,123,161000,814.6
TT,walker walk,123,162000,841.9
TT,walker walk,123,162000,917.9
TT,walker walk,123,162000,562.2
TT,walker walk,123,162000,684.9
TT,walker walk,123,163000,913.6
TT,walker walk,123,163000,911.5
TT,walker walk,123,163000,504.0
TT,walker walk,123,163000,861.3
TT,walker walk,123,164000,943.7
TT,walker walk,123,164000,920.8
TT,walker walk,123,164000,542.3
TT,walker walk,123,164000,800.1
TT,walker walk,123,165000,862.9
TT,walker walk,123,165000,890.6
TT,walker walk,123,165000,610.7
TT,walker walk,123,165000,731.5
TT,walker walk,123,166000,869.2
TT,walker walk,123,166000,921.7
TT,walker walk,123,166000,579.5
TT,walker walk,123,166000,768.5
TT,walker walk,123,167000,979.9
TT,walker walk,123,167000,916.0
TT,walker walk,123,167000,623.5
TT,walker walk,123,167000,701.7
TT,walker walk,123,168000,923.7
TT,walker walk,123,168000,956.9
TT,walker walk,123,168000,592.9
TT,walker walk,123,168000,717.8
TT,walker walk,123,169000,944.4
TT,walker walk,123,169000,889.9
TT,walker walk,123,169000,631.6
TT,walker walk,123,169000,779.3
TT,walker walk,123,170000,879.5
TT,walker walk,123,170000,873.2
TT,walker walk,123,170000,554.8
TT,walker walk,123,170000,815.4
TT,walker walk,123,171000,927.8
TT,walker walk,123,171000,873.5
TT,walker walk,123,171000,539.7
TT,walker walk,123,171000,778.0
TT,walker walk,123,172000,809.0
TT,walker walk,123,172000,924.2
TT,walker walk,123,172000,590.8
TT,walker walk,123,172000,706.3
TT,walker walk,123,173000,772.3
TT,walker walk,123,173000,949.6
TT,walker walk,123,173000,448.0
TT,walker walk,123,173000,797.3
TT,walker walk,123,174000,810.0
TT,walker walk,123,174000,930.7
TT,walker walk,123,174000,619.4
TT,walker walk,123,174000,875.4
TT,walker walk,123,175000,902.8
TT,walker walk,123,175000,946.0
TT,walker walk,123,175000,573.3
TT,walker walk,123,175000,908.5
TT,walker walk,123,176000,934.4
TT,walker walk,123,176000,945.5
TT,walker walk,123,176000,599.2
TT,walker walk,123,176000,881.2
TT,walker walk,123,177000,859.6
TT,walker walk,123,177000,955.7
TT,walker walk,123,177000,635.0
TT,walker walk,123,177000,735.8
TT,walker walk,123,178000,747.7
TT,walker walk,123,178000,886.0
TT,walker walk,123,178000,564.6
TT,walker walk,123,178000,596.3
TT,walker walk,123,179000,930.5
TT,walker walk,123,179000,902.8
TT,walker walk,123,179000,518.2
TT,walker walk,123,179000,713.6
TT,walker walk,123,180000,906.5
TT,walker walk,123,180000,958.0
TT,walker walk,123,180000,417.5
TT,walker walk,123,180000,843.2
TT,walker walk,123,181000,900.6
TT,walker walk,123,181000,896.5
TT,walker walk,123,181000,565.9
TT,walker walk,123,181000,848.7
TT,walker walk,123,182000,907.7
TT,walker walk,123,182000,906.0
TT,walker walk,123,182000,557.6
TT,walker walk,123,182000,823.1
TT,walker walk,123,183000,969.8
TT,walker walk,123,183000,914.5
TT,walker walk,123,183000,566.5
TT,walker walk,123,183000,854.0
TT,walker walk,123,184000,783.3
TT,walker walk,123,184000,860.5
TT,walker walk,123,184000,634.7
TT,walker walk,123,184000,879.8
TT,walker walk,123,185000,921.6
TT,walker walk,123,185000,819.7
TT,walker walk,123,185000,591.0
TT,walker walk,123,185000,821.0
TT,walker walk,123,186000,886.2
TT,walker walk,123,186000,892.4
TT,walker walk,123,186000,532.7
TT,walker walk,123,186000,877.6
TT,walker walk,123,187000,952.8
TT,walker walk,123,187000,896.5
TT,walker walk,123,187000,535.2
TT,walker walk,123,187000,851.9
TT,walker walk,123,188000,932.9
TT,walker walk,123,188000,949.4
TT,walker walk,123,188000,688.7
TT,walker walk,123,188000,900.2
TT,walker walk,123,189000,849.4
TT,walker walk,123,189000,948.1
TT,walker walk,123,189000,660.1
TT,walker walk,123,189000,918.4
TT,walker walk,123,190000,956.8
TT,walker walk,123,190000,784.5
TT,walker walk,123,190000,697.0
TT,walker walk,123,190000,827.8
TT,walker walk,123,191000,916.5
TT,walker walk,123,191000,979.3
TT,walker walk,123,191000,660.2
TT,walker walk,123,191000,834.5
TT,walker walk,123,192000,927.4
TT,walker walk,123,192000,955.9
TT,walker walk,123,192000,672.3
TT,walker walk,123,192000,871.5
TT,walker walk,123,193000,893.1
TT,walker walk,123,193000,962.4
TT,walker walk,123,193000,683.2
TT,walker walk,123,193000,898.9
TT,walker walk,123,194000,956.5
TT,walker walk,123,194000,979.3
TT,walker walk,123,194000,717.8
TT,walker walk,123,194000,839.2
TT,walker walk,123,195000,935.6
TT,walker walk,123,195000,960.4
TT,walker walk,123,195000,733.1
TT,walker walk,123,195000,916.9
TT,walker walk,123,196000,897.3
TT,walker walk,123,196000,944.2
TT,walker walk,123,196000,673.2
TT,walker walk,123,196000,854.7
TT,walker walk,123,197000,964.5
TT,walker walk,123,197000,852.7
TT,walker walk,123,197000,739.8
TT,walker walk,123,197000,832.3
TT,walker walk,123,198000,962.3
TT,walker walk,123,198000,831.6
TT,walker walk,123,198000,668.1
TT,walker walk,123,198000,925.7
TT,walker walk,123,199000,943.1
TT,walker walk,123,199000,866.1
TT,walker walk,123,199000,755.6
TT,walker walk,123,199000,873.1
TT,walker walk,123,200000,899.1
TT,walker walk,123,200000,922.7
TT,walker walk,123,200000,701.3
TT,walker walk,123,200000,897.6
TT,walker walk,123,201000,890.6
TT,walker walk,123,201000,951.0
TT,walker walk,123,201000,645.9
TT,walker walk,123,201000,855.4
TT,walker walk,123,202000,922.3
TT,walker walk,123,202000,771.3
TT,walker walk,123,202000,714.3
TT,walker walk,123,202000,802.0
TT,walker walk,123,203000,950.5
TT,walker walk,123,203000,945.8
TT,walker walk,123,203000,764.7
TT,walker walk,123,203000,790.8
TT,walker walk,123,204000,915.7
TT,walker walk,123,204000,985.1
TT,walker walk,123,204000,740.2
TT,walker walk,123,204000,890.7
TT,walker walk,123,205000,981.6
TT,walker walk,123,205000,988.2
TT,walker walk,123,205000,752.7
TT,walker walk,123,205000,903.5
TT,walker walk,123,206000,868.0
TT,walker walk,123,206000,914.3
TT,walker walk,123,206000,689.6
TT,walker walk,123,206000,828.4
TT,walker walk,123,207000,940.5
TT,walker walk,123,207000,976.1
TT,walker walk,123,207000,699.3
TT,walker walk,123,207000,878.7
TT,walker walk,123,208000,922.4
TT,walker walk,123,208000,950.0
TT,walker walk,123,208000,732.7
TT,walker walk,123,208000,810.5
TT,walker walk,123,209000,960.1
TT,walker walk,123,209000,922.9
TT,walker walk,123,209000,768.6
TT,walker walk,123,209000,854.9
TT,walker walk,123,210000,892.7
TT,walker walk,123,210000,876.1
TT,walker walk,123,210000,719.5
TT,walker walk,123,210000,872.7
TT,walker walk,123,211000,827.5
TT,walker walk,123,211000,959.0
TT,walker walk,123,211000,707.9
TT,walker walk,123,211000,908.1
TT,walker walk,123,212000,745.8
TT,walker walk,123,212000,964.5
TT,walker walk,123,212000,674.8
TT,walker walk,123,212000,938.6
TT,walker walk,123,213000,933.7
TT,walker walk,123,213000,925.4
TT,walker walk,123,213000,667.7
TT,walker walk,123,213000,818.1
TT,walker walk,123,214000,942.7
TT,walker walk,123,214000,923.5
TT,walker walk,123,214000,750.4
TT,walker walk,123,214000,873.5
TT,walker walk,123,215000,829.8
TT,walker walk,123,215000,954.3
TT,walker walk,123,215000,728.3
TT,walker walk,123,215000,856.5
TT,walker walk,123,216000,951.6
TT,walker walk,123,216000,771.1
TT,walker walk,123,216000,764.0
TT,walker walk,123,216000,895.7
TT,walker walk,123,217000,867.7
TT,walker walk,123,217000,901.6
TT,walker walk,123,217000,745.7
TT,walker walk,123,217000,833.6
TT,walker walk,123,218000,936.8
TT,walker walk,123,218000,942.1
TT,walker walk,123,218000,772.4
TT,walker walk,123,218000,827.4
TT,walker walk,123,219000,845.3
TT,walker walk,123,219000,963.5
TT,walker walk,123,219000,749.3
TT,walker walk,123,219000,914.0
TT,walker walk,123,220000,871.4
TT,walker walk,123,220000,868.0
TT,walker walk,123,220000,727.5
TT,walker walk,123,220000,916.2
TT,walker walk,123,221000,894.7
TT,walker walk,123,221000,930.3
TT,walker walk,123,221000,766.0
TT,walker walk,123,221000,903.1
TT,walker walk,123,222000,943.2
TT,walker walk,123,222000,983.7
TT,walker walk,123,222000,767.8
TT,walker walk,123,222000,877.8
TT,walker walk,123,223000,953.0
TT,walker walk,123,223000,939.2
TT,walker walk,123,223000,742.3
TT,walker walk,123,223000,884.5
TT,walker walk,123,224000,923.9
TT,walker walk,123,224000,897.2
TT,walker walk,123,224000,773.0
TT,walker walk,123,224000,867.9
TT,walker walk,123,225000,944.5
TT,walker walk,123,225000,983.5
TT,walker walk,123,225000,744.1
TT,walker walk,123,225000,874.0
TT,walker walk,123,226000,913.7
TT,walker walk,123,226000,950.9
TT,walker walk,123,226000,702.6
TT,walker walk,123,226000,897.2
TT,walker walk,123,227000,909.8
TT,walker walk,123,227000,977.8
TT,walker walk,123,227000,736.7
TT,walker walk,123,227000,955.8
TT,walker walk,123,228000,930.7
TT,walker walk,123,228000,923.3
TT,walker walk,123,228000,686.5
TT,walker walk,123,228000,880.6
TT,walker walk,123,229000,901.1
TT,walker walk,123,229000,883.3
TT,walker walk,123,229000,772.0
TT,walker walk,123,229000,888.2
TT,walker walk,123,230000,899.6
TT,walker walk,123,230000,941.3
TT,walker walk,123,230000,739.1
TT,walker walk,123,230000,935.3
TT,walker walk,123,231000,977.2
TT,walker walk,123,231000,915.0
TT,walker walk,123,231000,789.4
TT,walker walk,123,231000,816.2
TT,walker walk,123,232000,926.3
TT,walker walk,123,232000,921.2
TT,walker walk,123,232000,803.4
TT,walker walk,123,232000,888.8
TT,walker walk,123,233000,908.9
TT,walker walk,123,233000,837.7
TT,walker walk,123,233000,760.4
TT,walker walk,123,233000,846.8
TT,walker walk,123,234000,918.5
TT,walker walk,123,234000,892.0
TT,walker walk,123,234000,715.5
TT,walker walk,123,234000,917.0
TT,walker walk,123,235000,955.6
TT,walker walk,123,235000,891.9
TT,walker walk,123,235000,782.5
TT,walker walk,123,235000,860.8
TT,walker walk,123,236000,919.7
TT,walker walk,123,236000,903.8
TT,walker walk,123,236000,789.8
TT,walker walk,123,236000,921.5
TT,walker walk,123,237000,971.0
TT,walker walk,123,237000,955.5
TT,walker walk,123,237000,807.4
TT,walker walk,123,237000,894.5
TT,walker walk,123,238000,958.3
TT,walker walk,123,238000,912.4
TT,walker walk,123,238000,761.5
TT,walker walk,123,238000,854.7
TT,walker walk,123,239000,954.2
TT,walker walk,123,239000,903.2
TT,walker walk,123,239000,796.1
TT,walker walk,123,239000,839.8
TT,walker walk,123,240000,928.1
TT,walker walk,123,240000,963.7
TT,walker walk,123,240000,787.6
TT,walker walk,123,240000,849.3
TT,walker walk,123,241000,961.6
TT,walker walk,123,241000,897.2
TT,walker walk,123,241000,782.6
TT,walker walk,123,241000,793.3
TT,walker walk,123,242000,938.0
TT,walker walk,123,242000,942.9
TT,walker walk,123,242000,792.3
TT,walker walk,123,242000,950.7
TT,walker walk,123,243000,876.3
TT,walker walk,123,243000,950.1
TT,walker walk,123,243000,814.8
TT,walker walk,123,243000,926.5
TT,walker walk,123,244000,918.8
TT,walker walk,123,244000,890.9
TT,walker walk,123,244000,776.9
TT,walker walk,123,244000,944.9
TT,walker walk,123,245000,858.6
TT,walker walk,123,245000,952.5
TT,walker walk,123,245000,737.7
TT,walker walk,123,245000,884.6
TT,walker walk,123,246000,969.9
TT,walker walk,123,246000,938.2
TT,walker walk,123,246000,802.4
TT,walker walk,123,246000,849.0
TT,walker walk,123,247000,922.7
TT,walker walk,123,247000,936.0
TT,walker walk,123,247000,784.7
TT,walker walk,123,247000,911.2
TT,walker walk,123,248000,926.9
TT,walker walk,123,248000,873.1
TT,walker walk,123,248000,751.6
TT,walker walk,123,248000,876.3
TT,walker walk,123,249000,930.6
TT,walker walk,123,249000,906.1
TT,walker walk,123,249000,772.2
TT,walker walk,123,249000,905.3
TT,walker walk,123,250000,906.5
TT,walker walk,123,250000,838.7
TT,walker walk,123,250000,826.1
TT,walker walk,123,250000,894.8
TT,walker walk,123,251000,976.6
TT,walker walk,123,251000,908.2
TT,walker walk,123,251000,818.5
TT,walker walk,123,251000,829.4
TT,walker walk,123,252000,691.1
TT,walker walk,123,252000,912.6
TT,walker walk,123,252000,786.3
TT,walker walk,123,252000,920.6
TT,walker walk,123,253000,943.2
TT,walker walk,123,253000,946.5
TT,walker walk,123,253000,837.2
TT,walker walk,123,253000,859.6
TT,walker walk,123,254000,934.3
TT,walker walk,123,254000,831.5
TT,walker walk,123,254000,822.2
TT,walker walk,123,254000,797.6
TT,walker walk,123,255000,901.9
TT,walker walk,123,255000,817.0
TT,walker walk,123,255000,810.9
TT,walker walk,123,255000,926.3
TT,walker walk,123,256000,897.6
TT,walker walk,123,256000,913.1
TT,walker walk,123,256000,823.8
TT,walker walk,123,256000,945.6
TT,walker walk,123,257000,964.9
TT,walker walk,123,257000,885.5
TT,walker walk,123,257000,844.3
TT,walker walk,123,257000,799.9
TT,walker walk,123,258000,933.5
TT,walker walk,123,258000,942.0
TT,walker walk,123,258000,835.5
TT,walker walk,123,258000,840.6
TT,walker walk,123,259000,945.2
TT,walker walk,123,259000,937.2
TT,walker walk,123,259000,811.7
TT,walker walk,123,259000,871.8
TT,walker walk,123,260000,924.2
TT,walker walk,123,260000,912.7
TT,walker walk,123,260000,770.9
TT,walker walk,123,260000,903.2
TT,walker walk,123,261000,944.6
TT,walker walk,123,261000,902.5
TT,walker walk,123,261000,824.2
TT,walker walk,123,261000,861.9
TT,walker walk,123,262000,680.4
TT,walker walk,123,262000,924.5
TT,walker walk,123,262000,810.8
TT,walker walk,123,262000,843.2
TT,walker walk,123,263000,906.7
TT,walker walk,123,263000,913.3
TT,walker walk,123,263000,819.0
TT,walker walk,123,263000,890.0
TT,walker walk,123,264000,889.7
TT,walker walk,123,264000,896.6
TT,walker walk,123,264000,823.3
TT,walker walk,123,264000,885.6
TT,walker walk,123,265000,911.2
TT,walker walk,123,265000,906.0
TT,walker walk,123,265000,814.9
TT,walker walk,123,265000,931.7
TT,walker walk,123,266000,836.9
TT,walker walk,123,266000,878.9
TT,walker walk,123,266000,809.3
TT,walker walk,123,266000,906.9
TT,walker walk,123,267000,954.9
TT,walker walk,123,267000,881.0
TT,walker walk,123,267000,822.1
TT,walker walk,123,267000,925.3
TT,walker walk,123,268000,943.3
TT,walker walk,123,268000,944.8
TT,walker walk,123,268000,820.8
TT,walker walk,123,268000,938.4
TT,walker walk,123,269000,962.3
TT,walker walk,123,269000,965.5
TT,walker walk,123,269000,825.1
TT,walker walk,123,269000,931.3
TT,walker walk,123,270000,847.7
TT,walker walk,123,270000,778.4
TT,walker walk,123,270000,828.5
TT,walker walk,123,270000,855.5
TT,walker walk,123,271000,923.4
TT,walker walk,123,271000,882.7
TT,walker walk,123,271000,828.3
TT,walker walk,123,271000,945.3
TT,walker walk,123,272000,947.9
TT,walker walk,123,272000,962.5
TT,walker walk,123,272000,855.5
TT,walker walk,123,272000,928.6
TT,walker walk,123,273000,902.2
TT,walker walk,123,273000,840.8
TT,walker walk,123,273000,837.6
TT,walker walk,123,273000,890.5
TT,walker walk,123,274000,938.5
TT,walker walk,123,274000,962.8
TT,walker walk,123,274000,768.8
TT,walker walk,123,274000,786.5
TT,walker walk,123,275000,949.3
TT,walker walk,123,275000,872.6
TT,walker walk,123,275000,798.2
TT,walker walk,123,275000,884.2
TT,walker walk,123,276000,887.8
TT,walker walk,123,276000,934.6
TT,walker walk,123,276000,824.0
TT,walker walk,123,276000,864.9
TT,walker walk,123,277000,952.6
TT,walker walk,123,277000,935.0
TT,walker walk,123,277000,863.7
TT,walker walk,123,277000,934.8
TT,walker walk,123,278000,721.3
TT,walker walk,123,278000,931.7
TT,walker walk,123,278000,707.9
TT,walker walk,123,278000,891.0
TT,walker walk,123,279000,906.9
TT,walker walk,123,279000,991.5
TT,walker walk,123,279000,817.5
TT,walker walk,123,279000,943.8
TT,walker walk,123,280000,902.3
TT,walker walk,123,280000,924.2
TT,walker walk,123,280000,814.8
TT,walker walk,123,280000,891.8
TT,walker walk,123,281000,854.3
TT,walker walk,123,281000,823.5
TT,walker walk,123,281000,825.0
TT,walker walk,123,281000,872.5
TT,walker walk,123,282000,949.8
TT,walker walk,123,282000,898.5
TT,walker walk,123,282000,810.9
TT,walker walk,123,282000,877.5
TT,walker walk,123,283000,924.8
TT,walker walk,123,283000,946.8
TT,walker walk,123,283000,831.0
TT,walker walk,123,283000,934.1
TT,walker walk,123,284000,952.3
TT,walker walk,123,284000,850.1
TT,walker walk,123,284000,813.8
TT,walker walk,123,284000,846.4
TT,walker walk,123,285000,911.8
TT,walker walk,123,285000,863.0
TT,walker walk,123,285000,831.4
TT,walker walk,123,285000,934.3
TT,walker walk,123,286000,648.9
TT,walker walk,123,286000,893.0
TT,walker walk,123,286000,798.3
TT,walker walk,123,286000,899.7
TT,walker walk,123,287000,841.5
TT,walker walk,123,287000,927.5
TT,walker walk,123,287000,844.1
TT,walker walk,123,287000,899.2
TT,walker walk,123,288000,911.8
TT,walker walk,123,288000,969.0
TT,walker walk,123,288000,834.2
TT,walker walk,123,288000,886.8
TT,walker walk,123,289000,934.3
TT,walker walk,123,289000,960.8
TT,walker walk,123,289000,811.0
TT,walker walk,123,289000,891.5
TT,walker walk,123,290000,863.8
TT,walker walk,123,290000,959.6
TT,walker walk,123,290000,849.6
TT,walker walk,123,290000,895.7
TT,walker walk,123,291000,967.6
TT,walker walk,123,291000,829.6
TT,walker walk,123,291000,871.3
TT,walker walk,123,291000,873.4
TT,walker walk,123,292000,920.4
TT,walker walk,123,292000,962.3
TT,walker walk,123,292000,809.4
TT,walker walk,123,292000,914.1
TT,walker walk,123,293000,976.7
TT,walker walk,123,293000,841.6
TT,walker walk,123,293000,865.0
TT,walker walk,123,293000,938.3
TT,walker walk,123,294000,948.8
TT,walker walk,123,294000,978.1
TT,walker walk,123,294000,853.2
TT,walker walk,123,294000,842.7
TT,walker walk,123,295000,889.4
TT,walker walk,123,295000,922.9
TT,walker walk,123,295000,846.5
TT,walker walk,123,295000,942.7
TT,walker walk,123,296000,948.3
TT,walker walk,123,296000,871.7
TT,walker walk,123,296000,828.7
TT,walker walk,123,296000,866.0
TT,walker walk,123,297000,953.1
TT,walker walk,123,297000,938.5
TT,walker walk,123,297000,694.3
TT,walker walk,123,297000,918.8
TT,walker walk,123,298000,891.2
TT,walker walk,123,298000,895.2
TT,walker walk,123,298000,752.2
TT,walker walk,123,298000,776.6
TT,walker walk,123,299000,744.7
TT,walker walk,123,299000,908.3
TT,walker walk,123,299000,797.5
TT,walker walk,123,299000,901.6
TT,walker walk,123,300000,867.8
TT,walker walk,123,300000,912.5
TT,walker walk,123,300000,832.3
TT,walker walk,123,300000,884.4
TT,walker walk,123,301000,949.8
TT,walker walk,123,301000,924.7
TT,walker walk,123,301000,856.5
TT,walker walk,123,301000,896.9
TT,walker walk,123,302000,842.9
TT,walker walk,123,302000,895.3
TT,walker walk,123,302000,809.5
TT,walker walk,123,302000,877.9
TT,walker walk,123,303000,962.4
TT,walker walk,123,303000,921.4
TT,walker walk,123,303000,815.0
TT,walker walk,123,303000,903.4
TT,walker walk,123,304000,936.1
TT,walker walk,123,304000,852.3
TT,walker walk,123,304000,829.8
TT,walker walk,123,304000,923.0
TT,walker walk,123,305000,916.8
TT,walker walk,123,305000,752.8
TT,walker walk,123,305000,846.4
TT,walker walk,123,305000,919.1
TT,walker walk,123,306000,939.2
TT,walker walk,123,306000,786.1
TT,walker walk,123,306000,816.8
TT,walker walk,123,306000,942.8
TT,walker walk,123,307000,916.8
TT,walker walk,123,307000,950.3
TT,walker walk,123,307000,863.7
TT,walker walk,123,307000,841.1
TT,walker walk,123,308000,954.5
TT,walker walk,123,308000,894.5
TT,walker walk,123,308000,827.6
TT,walker walk,123,308000,886.6
TT,walker walk,123,309000,943.8
TT,walker walk,123,309000,958.5
TT,walker walk,123,309000,820.0
TT,walker walk,123,309000,910.9
BL,walker walk,456,1000,36.8
BL,walker walk,456,2000,53.7
BL,walker walk,456,3000,61.8
BL,walker walk,456,4000,35.2
BL,walker walk,456,5000,84.5
BL,walker walk,456,6000,36.7
BL,walker walk,456,7000,84.3
BL,walker walk,456,8000,118.7
BL,walker walk,456,9000,128.9
BL,walker walk,456,10000,92.3
BL,walker walk,456,11000,176.4
BL,walker walk,456,12000,112.9
BL,walker walk,456,13000,90.5
BL,walker walk,456,14000,120.5
BL,walker walk,456,15000,94.4
BL,walker walk,456,16000,209.3
BL,walker walk,456,17000,145.4
BL,walker walk,456,18000,118.3
BL,walker walk,456,19000,186.0
BL,walker walk,456,20000,161.0
BL,walker walk,456,21000,162.2
BL,walker walk,456,22000,191.5
BL,walker walk,456,23000,235.5
BL,walker walk,456,24000,255.0
BL,walker walk,456,25000,211.3
BL,walker walk,456,26000,186.4
BL,walker walk,456,27000,212.9
BL,walker walk,456,28000,172.2
BL,walker walk,456,29000,183.5
BL,walker walk,456,30000,207.8
BL,walker walk,456,31000,200.3
BL,walker walk,456,32000,215.9
BL,walker walk,456,33000,187.0
BL,walker walk,456,34000,208.3
BL,walker walk,456,35000,239.7
BL,walker walk,456,36000,274.4
BL,walker walk,456,37000,274.6
BL,walker walk,456,38000,236.6
BL,walker walk,456,39000,265.0
BL,walker walk,456,40000,245.5
BL,walker walk,456,41000,258.6
BL,walker walk,456,42000,253.8
BL,walker walk,456,43000,227.4
BL,walker walk,456,44000,261.4
BL,walker walk,456,45000,199.3
BL,walker walk,456,46000,216.0
BL,walker walk,456,47000,228.6
BL,walker walk,456,48000,244.8
BL,walker walk,456,49000,227.9
BL,walker walk,456,50000,293.2
BL,walker walk,456,51000,274.8
BL,walker walk,456,52000,358.4
BL,walker walk,456,53000,323.0
BL,walker walk,456,54000,289.6
BL,walker walk,456,55000,233.6
BL,walker walk,456,56000,336.3
BL,walker walk,456,57000,361.9
BL,walker walk,456,58000,322.1
BL,walker walk,456,59000,324.2
BL,walker walk,456,60000,347.1
BL,walker walk,456,61000,356.2
BL,walker walk,456,62000,318.5
BL,walker walk,456,63000,334.4
BL,walker walk,456,64000,338.9
BL,walker walk,456,65000,361.7
BL,walker walk,456,66000,284.3
BL,walker walk,456,67000,301.4
BL,walker walk,456,68000,346.0
BL,walker walk,456,69000,354.6
BL,walker walk,456,70000,316.1
BL,walker walk,456,71000,314.1
BL,walker walk,456,72000,342.8
BL,walker walk,456,73000,287.5
BL,walker walk,456,74000,371.3
BL,walker walk,456,75000,361.4
BL,walker walk,456,76000,370.9
BL,walker walk,456,77000,393.7
BL,walker walk,456,78000,386.6
BL,walker walk,456,79000,332.1
BL,walker walk,456,80000,404.6
BL,walker walk,456,81000,354.3
BL,walker walk,456,82000,369.8
BL,walker walk,456,83000,415.1
BL,walker walk,456,84000,331.1
BL,walker walk,456,85000,359.6
BL,walker walk,456,86000,408.6
BL,walker walk,456,87000,382.6
BL,walker walk,456,88000,406.8
BL,walker walk,456,89000,436.2
BL,walker walk,456,90000,419.2
BL,walker walk,456,91000,402.6
BL,walker walk,456,92000,399.6
BL,walker walk,456,93000,355.1
BL,walker walk,456,94000,345.4
BL,walker walk,456,95000,540.8
BL,walker walk,456,96000,454.5
BL,walker walk,456,97000,423.1
BL,walker walk,456,98000,312.6
BL,walker walk,456,99000,396.6
BL,walker walk,456,100000,465.4
BL,walker walk,456,101000,374.5
BL,walker walk,456,102000,451.6
BL,walker walk,456,103000,477.1
BL,walker walk,456,104000,466.3
BL,walker walk,456,105000,444.7
BL,walker walk,456,106000,414.6
BL,walker walk,456,107000,489.8
BL,walker walk,456,108000,483.2
BL,walker walk,456,109000,515.0
BL,walker walk,456,110000,427.8
BL,walker walk,456,111000,577.3
BL,walker walk,456,112000,510.1
BL,walker walk,456,113000,399.0
BL,walker walk,456,114000,415.1
BL,walker walk,456,115000,598.1
BL,walker walk,456,116000,509.8
BL,walker walk,456,117000,529.3
BL,walker walk,456,118000,481.9
BL,walker walk,456,119000,529.0
BL,walker walk,456,120000,388.3
BL,walker walk,456,121000,532.4
BL,walker walk,456,122000,529.6
BL,walker walk,456,123000,526.4
BL,walker walk,456,124000,436.2
BL,walker walk,456,125000,479.0
BL,walker walk,456,126000,591.2
BL,walker walk,456,127000,557.0
BL,walker walk,456,128000,510.4
BL,walker walk,456,129000,496.6
BL,walker walk,456,130000,516.9
BL,walker walk,456,131000,616.1
BL,walker walk,456,132000,598.3
BL,walker walk,456,133000,489.0
BL,walker walk,456,134000,440.5
BL,walker walk,456,135000,501.1
BL,walker walk,456,136000,628.7
BL,walker walk,456,137000,427.3
BL,walker walk,456,138000,549.3
BL,walker walk,456,139000,620.3
BL,walker walk,456,140000,558.4
BL,walker walk,456,141000,488.0
BL,walker walk,456,142000,369.4
BL,walker walk,456,143000,531.2
BL,walker walk,456,144000,582.3
BL,walker walk,456,145000,455.9
BL,walker walk,456,146000,623.4
BL,walker walk,456,147000,612.6
BL,walker walk,456,148000,503.4
BL,walker walk,456,149000,578.4
BL,walker walk,456,150000,609.8
BL,walker walk,456,151000,476.4
BL,walker walk,456,152000,599.5
BL,walker walk,456,153000,497.2
BL,walker walk,456,154000,604.4
BL,walker walk,456,155000,607.6
BL,walker walk,456,156000,620.5
BL,walker walk,456,157000,652.9
BL,walker walk,456,158000,673.6
BL,walker walk,456,159000,584.5
BL,walker walk,456,160000,621.0
BL,walker walk,456,161000,668.6
BL,walker walk,456,162000,694.3
BL,walker walk,456,163000,602.5
BL,walker walk,456,164000,729.7
BL,walker walk,456,165000,739.6
BL,walker walk,456,166000,747.9
BL,walker walk,456,167000,654.5
BL,walker walk,456,168000,732.6
BL,walker walk,456,169000,757.7
BL,walker walk,456,170000,811.6
BL,walker walk,456,171000,819.9
BL,walker walk,456,172000,674.6
BL,walker walk,456,173000,793.2
BL,walker walk,456,174000,712.3
BL,walker walk,456,175000,832.1
BL,walker walk,456,176000,784.1
BL,walker walk,456,177000,785.9
BL,walker walk,456,178000,685.3
BL,walker walk,456,179000,871.7
BL,walker walk,456,180000,781.2
BL,walker walk,456,181000,817.2
BL,walker walk,456,182000,771.6
BL,walker walk,456,183000,805.2
BL,walker walk,456,184000,474.0
BL,walker walk,456,185000,869.7
BL,walker walk,456,186000,761.7
BL,walker walk,456,187000,815.1
BL,walker walk,456,188000,834.7
BL,walker walk,456,189000,839.0
BL,walker walk,456,190000,846.4
BL,walker walk,456,191000,883.3
BL,walker walk,456,192000,854.3
BL,walker walk,456,193000,820.2
BL,walker walk,456,194000,857.4
BL,walker walk,456,195000,808.0
BL,walker walk,456,196000,874.1
BL,walker walk,456,197000,885.2
BL,walker walk,456,198000,906.3
BL,walker walk,456,199000,858.5
BL,walker walk,456,200000,918.4
BL,walker walk,456,201000,752.2
BL,walker walk,456,202000,870.0
BL,walker walk,456,203000,810.6
BL,walker walk,456,204000,854.6
BL,walker walk,456,205000,919.5
BL,walker walk,456,206000,846.3
BL,walker walk,456,207000,901.7
BL,walker walk,456,208000,873.9
BL,walker walk,456,209000,951.4
BL,walker walk,456,210000,917.5
BL,walker walk,456,211000,923.6
BL,walker walk,456,212000,907.6
BL,walker walk,456,213000,894.2
BL,walker walk,456,214000,926.4
BL,walker walk,456,215000,897.7
BL,walker walk,456,216000,980.7
BL,walker walk,456,217000,918.0
BL,walker walk,456,218000,865.1
BL,walker walk,456,219000,914.4
BL,walker walk,456,220000,928.8
BL,walker walk,456,221000,913.6
BL,walker walk,456,222000,860.6
BL,walker walk,456,223000,899.0
BL,walker walk,456,224000,822.6
BL,walker walk,456,225000,948.3
BL,walker walk,456,226000,943.7
BL,walker walk,456,227000,931.0
BL,walker walk,456,228000,946.2
BL,walker walk,456,229000,929.2
BL,walker walk,456,230000,931.8
BL,walker walk,456,231000,930.3
BL,walker walk,456,232000,905.7
BL,walker walk,456,233000,957.4
BL,walker walk,456,234000,933.8
BL,walker walk,456,235000,967.5
BL,walker walk,456,236000,937.4
BL,walker walk,456,237000,943.4
BL,walker walk,456,238000,946.1
BL,walker walk,456,239000,842.0
BL,walker walk,456,240000,920.8
BL,walker walk,456,241000,957.9
BL,walker walk,456,242000,915.8
BL,walker walk,456,243000,874.5
BL,walker walk,456,244000,902.2
BL,walker walk,456,245000,871.5
BL,walker walk,456,246000,968.7
BL,walker walk,456,247000,857.4
BL,walker walk,456,248000,937.4
BL,walker walk,456,249000,954.0
BL,walker walk,456,250000,942.3
BL,walker walk,456,251000,820.8
BL,walker walk,456,252000,885.8
BL,walker walk,456,253000,855.2
BL,walker walk,456,254000,867.1
BL,walker walk,456,255000,919.1
BL,walker walk,456,256000,977.0
BL,walker walk,456,257000,944.9
BL,walker walk,456,258000,955.9
BL,walker walk,456,259000,931.0
BL,walker walk,456,260000,897.5
BL,walker walk,456,261000,956.2
BL,walker walk,456,262000,903.2
BL,walker walk,456,263000,944.4
BL,walker walk,456,264000,841.4
BL,walker walk,456,265000,964.3
BL,walker walk,456,266000,970.9
BL,walker walk,456,267000,911.1
BL,walker walk,456,268000,914.9
BL,walker walk,456,269000,975.2
BL,walker walk,456,270000,918.8
BL,walker walk,456,271000,869.8
BL,walker walk,456,272000,948.7
BL,walker walk,456,273000,923.8
BL,walker walk,456,274000,888.8
BL,walker walk,456,275000,967.4
BL,walker walk,456,276000,971.2
BL,walker walk,456,277000,957.3
BL,walker walk,456,278000,906.6
BL,walker walk,456,279000,940.1
BL,walker walk,456,280000,955.6
BL,walker walk,456,281000,955.7
BL,walker walk,456,282000,906.3
BL,walker walk,456,283000,873.2
BL,walker walk,456,284000,948.5
BL,walker walk,456,285000,918.5
BL,walker walk,456,286000,957.3
BL,walker walk,456,287000,934.9
BL,walker walk,456,288000,971.8
BL,walker walk,456,289000,985.8
BL,walker walk,456,290000,963.5
BL,walker walk,456,291000,947.9
BL,walker walk,456,292000,964.3
BL,walker walk,456,293000,919.8
BL,walker walk,456,294000,906.0
BL,walker walk,456,295000,942.6
BL,walker walk,456,296000,961.3
BL,walker walk,456,297000,956.6
BL,walker walk,456,298000,891.5
BL,walker walk,456,299000,938.5
BL,walker walk,456,300000,924.4
BL,walker walk,456,301000,942.8
BL,walker walk,456,302000,953.1
BL,walker walk,456,303000,963.5
BL,walker walk,456,304000,943.4
BL,walker walk,456,305000,899.2
BL,walker walk,456,306000,905.5
BL,walker walk,456,307000,921.1
BL,walker walk,456,308000,942.1
BL,walker walk,456,309000,951.8
TT,walker walk,456,1000,66.2
TT,walker walk,456,2000,44.7
TT,walker walk,456,3000,50.9
TT,walker walk,456,4000,33.2
TT,walker walk,456,5000,24.7
TT,walker walk,456,6000,43.0
TT,walker walk,456,7000,62.5
TT,walker walk,456,8000,47.0
TT,walker walk,456,9000,97.4
TT,walker walk,456,10000,68.4
TT,walker walk,456,11000,107.5
TT,walker walk,456,12000,41.3
TT,walker walk,456,13000,63.8
TT,walker walk,456,14000,61.5
TT,walker walk,456,15000,132.3
TT,walker walk,456,16000,46.8
TT,walker walk,456,17000,59.5
TT,walker walk,456,18000,118.0
TT,walker walk,456,19000,66.4
TT,walker walk,456,20000,102.9
TT,walker walk,456,21000,100.9
TT,walker walk,456,22000,90.8
TT,walker walk,456,23000,195.6
TT,walker walk,456,24000,104.2
TT,walker walk,456,25000,83.0
TT,walker walk,456,26000,102.3
TT,walker walk,456,27000,134.5
TT,walker walk,456,28000,116.8
TT,walker walk,456,29000,158.5
TT,walker walk,456,30000,176.5
TT,walker walk,456,31000,120.2
TT,walker walk,456,32000,114.1
TT,walker walk,456,33000,226.5
TT,walker walk,456,34000,166.5
TT,walker walk,456,35000,168.2
TT,walker walk,456,36000,260.9
TT,walker walk,456,37000,360.7
TT,walker walk,456,38000,90.2
TT,walker walk,456,39000,156.0
TT,walker walk,456,40000,163.3
TT,walker walk,456,41000,277.0
TT,walker walk,456,42000,267.7
TT,walker walk,456,43000,227.8
TT,walker walk,456,44000,287.0
TT,walker walk,456,45000,213.2
TT,walker walk,456,46000,304.2
TT,walker walk,456,47000,213.0
TT,walker walk,456,48000,208.2
TT,walker walk,456,49000,274.3
TT,walker walk,456,50000,348.6
TT,walker walk,456,51000,302.8
TT,walker walk,456,52000,95.8
TT,walker walk,456,53000,235.5
TT,walker walk,456,54000,428.5
TT,walker walk,456,55000,425.8
TT,walker walk,456,56000,415.7
TT,walker walk,456,57000,376.9
TT,walker walk,456,58000,433.9
TT,walker walk,456,59000,489.9
TT,walker walk,456,60000,417.6
TT,walker walk,456,61000,445.5
TT,walker walk,456,62000,385.4
TT,walker walk,456,63000,536.7
TT,walker walk,456,64000,535.7
TT,walker walk,456,65000,525.5
TT,walker walk,456,66000,381.3
TT,walker walk,456,67000,497.2
TT,walker walk,456,68000,603.1
TT,walker walk,456,69000,587.3
TT,walker walk,456,70000,547.2
TT,walker walk,456,71000,446.2
TT,walker walk,456,72000,501.3
TT,walker walk,456,73000,592.6
TT,walker walk,456,74000,494.2
TT,walker walk,456,75000,600.5
TT,walker walk,456,76000,357.0
TT,walker walk,456,77000,619.5
TT,walker walk,456,78000,561.3
TT,walker walk,456,79000,608.7
TT,walker walk,456,80000,623.3
TT,walker walk,456,81000,504.7
TT,walker walk,456,82000,549.7
TT,walker walk,456,83000,545.9
TT,walker walk,456,84000,525.3
TT,walker walk,456,85000,405.5
TT,walker walk,456,86000,570.2
TT,walker walk,456,87000,627.9
TT,walker walk,456,88000,640.7
TT,walker walk,456,89000,618.0
TT,walker walk,456,90000,603.8
TT,walker walk,456,91000,671.7
TT,walker walk,456,92000,619.8
TT,walker walk,456,93000,592.4
TT,walker walk,456,94000,592.5
TT,walker walk,456,95000,629.8
TT,walker walk,456,96000,568.7
TT,walker walk,456,97000,581.2
TT,walker walk,456,98000,628.3
TT,walker walk,456,99000,629.9
TT,walker walk,456,100000,663.6
TT,walker walk,456,101000,616.2
TT,walker walk,456,102000,602.2
TT,walker walk,456,103000,654.5
TT,walker walk,456,104000,635.5
TT,walker walk,456,105000,683.7
TT,walker walk,456,106000,585.4
TT,walker walk,456,107000,332.7
TT,walker walk,456,108000,464.3
TT,walker walk,456,109000,688.3
TT,walker walk,456,110000,685.9
TT,walker walk,456,111000,632.6
TT,walker walk,456,112000,399.6
TT,walker walk,456,113000,606.0
TT,walker walk,456,114000,663.1
TT,walker walk,456,115000,525.4
TT,walker walk,456,116000,692.5
TT,walker walk,456,117000,577.1
TT,walker walk,456,118000,684.5
TT,walker walk,456,119000,652.0
TT,walker walk,456,120000,601.9
TT,walker walk,456,121000,572.4
TT,walker walk,456,122000,674.2
TT,walker walk,456,123000,665.0
TT,walker walk,456,124000,662.1
TT,walker walk,456,125000,680.7
TT,walker walk,456,126000,564.8
TT,walker walk,456,127000,688.8
TT,walker walk,456,128000,687.7
TT,walker walk,456,129000,660.5
TT,walker walk,456,130000,547.8
TT,walker walk,456,131000,622.4
TT,walker walk,456,132000,550.2
TT,walker walk,456,133000,672.5
TT,walker walk,456,134000,687.7
TT,walker walk,456,135000,698.8
TT,walker walk,456,136000,643.9
TT,walker walk,456,137000,586.8
TT,walker walk,456,138000,673.0
TT,walker walk,456,139000,723.6
TT,walker walk,456,140000,705.9
TT,walker walk,456,141000,715.6
TT,walker walk,456,142000,661.7
TT,walker walk,456,143000,735.2
TT,walker walk,456,144000,542.6
TT,walker walk,456,145000,682.3
TT,walker walk,456,146000,675.1
TT,walker walk,456,147000,648.6
TT,walker walk,456,148000,704.9
TT,walker walk,456,149000,687.6
TT,walker walk,456,150000,731.1
TT,walker walk,456,151000,616.8
TT,walker walk,456,152000,670.0
TT,walker walk,456,153000,657.5
TT,walker walk,456,154000,679.6
TT,walker walk,456,155000,756.0
TT,walker walk,456,156000,699.7
TT,walker walk,456,157000,546.3
TT,walker walk,456,158000,691.4
TT,walker walk,456,159000,722.1
TT,walker walk,456,160000,736.1
TT,walker walk,456,161000,539.2
TT,walker walk,456,162000,737.5
TT,walker walk,456,163000,767.0
TT,walker walk,456,164000,765.2
TT,walker walk,456,165000,744.2
TT,walker walk,456,166000,762.0
TT,walker walk,456,167000,749.1
TT,walker walk,456,168000,730.2
TT,walker walk,456,169000,697.7
TT,walker walk,456,170000,705.3
TT,walker walk,456,171000,753.2
TT,walker walk,456,172000,776.1
TT,walker walk,456,173000,730.7
TT,walker walk,456,174000,710.8
TT,walker walk,456,175000,779.1
TT,walker walk,456,176000,768.8
TT,walker walk,456,177000,843.8
TT,walker walk,456,178000,734.6
TT,walker walk,456,179000,769.9
TT,walker walk,456,180000,775.6
TT,walker walk,456,181000,822.5
TT,walker walk,456,182000,737.7
TT,walker walk,456,183000,812.5
TT,walker walk,456,184000,609.9
TT,walker walk,456,185000,825.0
TT,walker walk,456,186000,840.9
TT,walker walk,456,187000,827.9
TT,walker walk,456,188000,769.3
TT,walker walk,456,189000,750.5
TT,walker walk,456,190000,599.7
TT,walker walk,456,191000,795.3
TT,walker walk,456,192000,819.4
TT,walker walk,456,193000,820.4
TT,walker walk,456,194000,852.8
TT,walker walk,456,195000,736.6
TT,walker walk,456,196000,854.5
TT,walker walk,456,197000,857.8
TT,walker walk,456,198000,713.6
TT,walker walk,456,199000,897.6
TT,walker walk,456,200000,815.3
TT,walker walk,456,201000,857.3
TT,walker walk,456,202000,920.1
TT,walker walk,456,203000,899.4
TT,walker walk,456,204000,933.8
TT,walker walk,456,205000,847.8
TT,walker walk,456,206000,899.6
TT,walker walk,456,207000,875.4
TT,walker walk,456,208000,820.5
TT,walker walk,456,209000,797.4
TT,walker walk,456,210000,930.7
TT,walker walk,456,211000,883.9
TT,walker walk,456,212000,854.8
TT,walker walk,456,213000,875.9
TT,walker walk,456,214000,863.7
TT,walker walk,456,215000,920.3
TT,walker walk,456,216000,894.1
TT,walker walk,456,217000,858.2
TT,walker walk,456,218000,928.0
TT,walker walk,456,219000,923.7
TT,walker walk,456,220000,914.6
TT,walker walk,456,221000,839.5
TT,walker walk,456,222000,926.5
TT,walker walk,456,223000,872.0
TT,walker walk,456,224000,912.7
TT,walker walk,456,225000,913.8
TT,walker walk,456,226000,917.2
TT,walker walk,456,227000,916.1
TT,walker walk,456,228000,930.6
TT,walker walk,456,229000,879.0
TT,walker walk,456,230000,922.9
TT,walker walk,456,231000,908.9
TT,walker walk,456,232000,773.4
TT,walker walk,456,233000,912.2
TT,walker walk,456,234000,839.5
TT,walker walk,456,235000,942.7
TT,walker walk,456,236000,878.0
TT,walker walk,456,237000,819.2
TT,walker walk,456,238000,818.9
TT,walker walk,456,239000,781.2
TT,walker walk,456,240000,860.4
TT,walker walk,456,241000,934.8
TT,walker walk,456,242000,933.7
TT,walker walk,456,243000,780.9
TT,walker walk,456,244000,915.5
TT,walker walk,456,245000,888.8
TT,walker walk,456,246000,963.5
TT,walker walk,456,247000,925.4
TT,walker walk,456,248000,943.8
TT,walker walk,456,249000,904.2
TT,walker walk,456,250000,935.6
TT,walker walk,456,251000,901.5
TT,walker walk,456,252000,898.7
TT,walker walk,456,253000,894.0
TT,walker walk,456,254000,940.7
TT,walker walk,456,255000,880.4
TT,walker walk,456,256000,940.0
TT,walker walk,456,257000,944.0
TT,walker walk,456,258000,750.9
TT,walker walk,456,259000,923.3
TT,walker walk,456,260000,766.6
TT,walker walk,456,261000,728.3
TT,walker walk,456,262000,893.4
TT,walker walk,456,263000,951.7
TT,walker walk,456,264000,825.5
TT,walker walk,456,265000,885.2
TT,walker walk,456,266000,957.6
TT,walker walk,456,267000,914.0
TT,walker walk,456,268000,787.5
TT,walker walk,456,269000,930.2
TT,walker walk,456,270000,770.4
TT,walker walk,456,271000,908.0
TT,walker walk,456,272000,795.4
TT,walker walk,456,273000,921.6
TT,walker walk,456,274000,913.7
TT,walker walk,456,275000,853.6
TT,walker walk,456,276000,778.8
TT,walker walk,456,277000,904.0
TT,walker walk,456,278000,889.4
TT,walker walk,456,279000,957.2
TT,walker walk,456,280000,917.0
TT,walker walk,456,281000,938.2
TT,walker walk,456,282000,960.1
TT,walker walk,456,283000,975.5
TT,walker walk,456,284000,935.1
TT,walker walk,456,285000,938.4
TT,walker walk,456,286000,948.8
TT,walker walk,456,287000,914.9
TT,walker walk,456,288000,949.7
TT,walker walk,456,289000,976.5
TT,walker walk,456,290000,932.1
TT,walker walk,456,291000,878.3
TT,walker walk,456,292000,892.2
TT,walker walk,456,293000,915.9
TT,walker walk,456,294000,929.1
TT,walker walk,456,295000,964.9
TT,walker walk,456,296000,911.9
TT,walker walk,456,297000,945.5
TT,walker walk,456,298000,926.2
TT,walker walk,456,299000,934.4
TT,walker walk,456,300000,916.3
TT,walker walk,456,301000,968.7
TT,walker walk,456,302000,831.0
TT,walker walk,456,303000,885.4
TT,walker walk,456,304000,941.3
TT,walker walk,456,305000,825.5
TT,walker walk,456,306000,901.3
TT,walker walk,456,307000,904.0
TT,walker walk,456,308000,961.7
TT,walker walk,456,309000,942.9
